2025-08-28 07:00:15,438 - Knowledge - INFO - Redis support added with prefix knowledge:b4300db:
2025-08-28 07:00:15,823 - Knowledge - INFO - load persisted knowledge: begin
2025-08-28 07:00:15,836 - Knowledge - INFO - load persisted knowledge: end
2025-08-28 07:00:15,836 - Knowledge - INFO - load persisted docinfo: begin
2025-08-28 07:00:15,846 - Knowledge - INFO - load persisted docinfo: end
2025-08-28 07:00:15,957 - Knowledge - INFO - worker kw1 created with dedicated MongoDB connection (total: 1)
2025-08-28 07:00:15,957 - Knowledge - INFO - knowledge worker kw1 start
2025-08-28 07:00:15,958 - Knowledge - INFO - worker kw1 pull /app/data/b2c/12661/b4300db/rialto-gstreamer-12661/scripts/clang-format/process_clang-format_errors.py from ingest queue
2025-08-28 07:00:15,963 - Knowledge - INFO - worker kw2 created with dedicated MongoDB connection (total: 2)
2025-08-28 07:00:15,963 - Knowledge - INFO - knowledge worker kw2 start
2025-08-28 07:00:15,964 - Knowledge - INFO - worker kw2 pull /app/data/b2c/12661/b4300db/rialto-gstreamer-12661/scripts/valgrind/process_valgrind_results.py from ingest queue
2025-08-28 07:00:15,982 - Knowledge - INFO - worker kw3 created with dedicated MongoDB connection (total: 3)
2025-08-28 07:00:15,983 - Knowledge - INFO - knowledge worker kw3 start
2025-08-28 07:00:15,985 - Knowledge - INFO - worker kw3 pull /app/data/b2c/12661/b4300db/rialto-gstreamer-12661/TERMS.md from ingest queue
2025-08-28 07:00:16,003 - Knowledge - INFO - worker kw4 created with dedicated MongoDB connection (total: 4)
2025-08-28 07:00:16,006 - Knowledge - INFO - knowledge worker kw4 start
2025-08-28 07:00:16,008 - Knowledge - INFO - worker kw4 pull /app/data/b2c/12661/b4300db/rialto-gstreamer-12661/CMakeLists.txt from ingest queue
2025-08-28 07:00:16,011 - Knowledge - INFO - worker kw5 created with dedicated MongoDB connection (total: 5)
2025-08-28 07:00:16,012 - Knowledge - INFO - knowledge worker kw5 start
2025-08-28 07:00:16,016 - Knowledge - INFO - worker kw6 created with dedicated MongoDB connection (total: 6)
2025-08-28 07:00:16,016 - Knowledge - INFO - knowledge worker kw6 start
2025-08-28 07:00:16,026 - Knowledge - INFO - worker kw7 created with dedicated MongoDB connection (total: 7)
2025-08-28 07:00:16,027 - Knowledge - INFO - knowledge worker kw7 start
2025-08-28 07:00:16,030 - Knowledge - INFO - worker kw8 created with dedicated MongoDB connection (total: 8)
2025-08-28 07:00:16,030 - Knowledge - INFO - knowledge worker kw8 start
2025-08-28 07:00:16,036 - Knowledge - INFO - worker kw7 pull /app/data/b2c/12661/b4300db/rialto-gstreamer-12661/cmake/googletest.cmake from ingest queue
2025-08-28 07:00:16,037 - Knowledge - INFO - worker kw9 created with dedicated MongoDB connection (total: 9)
2025-08-28 07:00:16,040 - Knowledge - INFO - knowledge worker kw9 start
2025-08-28 07:00:16,041 - Knowledge - INFO - worker kw5 pull /app/data/b2c/12661/b4300db/rialto-gstreamer-12661/cmake/FindocdmRialto.cmake from ingest queue
2025-08-28 07:00:16,070 - Knowledge - INFO - worker kw9 pull /app/data/b2c/12661/b4300db/rialto-gstreamer-12661/cmake/FindRialto.cmake from ingest queue
2025-08-28 07:00:16,079 - Knowledge - INFO - worker kw10 created with dedicated MongoDB connection (total: 10)
2025-08-28 07:00:16,082 - Knowledge - INFO - knowledge worker kw10 start
2025-08-28 07:00:16,086 - Knowledge - INFO - worker kw11 created with dedicated MongoDB connection (total: 11)
2025-08-28 07:00:16,089 - Knowledge - INFO - worker kw8 pull /app/data/b2c/12661/b4300db/rialto-gstreamer-12661/source/MessageQueue.h from ingest queue
2025-08-28 07:00:16,106 - Knowledge - INFO - knowledge worker kw11 start
2025-08-28 07:00:16,107 - Knowledge - INFO - worker kw11 pull /app/data/b2c/12661/b4300db/rialto-gstreamer-12661/source/RialtoGStreamerMSEBaseSinkCallbacks.h from ingest queue
2025-08-28 07:00:16,115 - Knowledge - INFO - worker kw6 pull /app/data/b2c/12661/b4300db/rialto-gstreamer-12661/source/RialtoGStreamerWebAudioSink.h from ingest queue
2025-08-28 07:00:16,120 - Knowledge - INFO - worker kw10 pull /app/data/b2c/12661/b4300db/rialto-gstreamer-12661/source/ControlBackendInterface.h from ingest queue
2025-08-28 07:00:16,171 - Knowledge - INFO - worker kw12 created with dedicated MongoDB connection (total: 12)
2025-08-28 07:00:16,187 - Knowledge - INFO - knowledge worker kw12 start
2025-08-28 07:00:16,216 - Knowledge - INFO - worker kw13 created with dedicated MongoDB connection (total: 13)
2025-08-28 07:00:16,216 - Knowledge - INFO - knowledge worker kw13 start
2025-08-28 07:00:16,216 - Knowledge - INFO - worker kw12 pull /app/data/b2c/12661/b4300db/rialto-gstreamer-12661/source/RialtoGStreamerMSEBaseSink.h from ingest queue
2025-08-28 07:00:16,218 - Knowledge - INFO - worker kw13 pull /app/data/b2c/12661/b4300db/rialto-gstreamer-12661/source/BufferParser.cpp from ingest queue
2025-08-28 07:00:16,228 - Knowledge - INFO - process ingested knowledge for /app/data/b2c/12661/b4300db/rialto-gstreamer-12661/cmake/googletest.cmake
2025-08-28 07:00:16,232 - Knowledge - INFO - process ingested knowledge for /app/data/b2c/12661/b4300db/rialto-gstreamer-12661/cmake/FindRialto.cmake
2025-08-28 07:00:16,265 - Knowledge - INFO - process ingested knowledge for /app/data/b2c/12661/b4300db/rialto-gstreamer-12661/CMakeLists.txt
2025-08-28 07:00:16,266 - Knowledge - INFO - worker kw14 created with dedicated MongoDB connection (total: 14)
2025-08-28 07:00:16,267 - Knowledge - INFO - knowledge worker kw14 start
2025-08-28 07:00:16,275 - Knowledge - INFO - Found code-base-name: https://github.com/kavia-common/rialto-gstreamer-12661.git:kavia-6.0.0-rc1
2025-08-28 07:00:16,275 - Knowledge - INFO - Found code_base: <app.utils.kg_build.knowledge.KnowledgeCodeBase object at 0x7f4bab5f4bd0>
2025-08-28 07:00:16,276 - Knowledge - INFO - persist ingested knowledge for /app/data/b2c/12661/b4300db/rialto-gstreamer-12661/cmake/googletest.cmake
2025-08-28 07:00:16,278 - Knowledge - INFO - process ingested knowledge for /app/data/b2c/12661/b4300db/rialto-gstreamer-12661/TERMS.md
2025-08-28 07:00:16,313 - Knowledge - INFO - process ingested knowledge for /app/data/b2c/12661/b4300db/rialto-gstreamer-12661/scripts/clang-format/process_clang-format_errors.py
2025-08-28 07:00:16,314 - Knowledge - INFO - process ingested knowledge for /app/data/b2c/12661/b4300db/rialto-gstreamer-12661/scripts/valgrind/process_valgrind_results.py
2025-08-28 07:00:16,320 - Knowledge - INFO - process ingested knowledge for /app/data/b2c/12661/b4300db/rialto-gstreamer-12661/cmake/FindocdmRialto.cmake
2025-08-28 07:00:16,323 - Knowledge - INFO - worker kw15 created with dedicated MongoDB connection (total: 15)
2025-08-28 07:00:16,324 - Knowledge - INFO - knowledge worker kw15 start
2025-08-28 07:00:16,381 - Knowledge - INFO - worker kw16 created with dedicated MongoDB connection (total: 16)
2025-08-28 07:00:16,392 - Knowledge - INFO - knowledge worker kw16 start
2025-08-28 07:00:16,403 - Knowledge - INFO - worker kw17 created with dedicated MongoDB connection (total: 17)
2025-08-28 07:00:16,404 - Knowledge - INFO - knowledge worker kw17 start
2025-08-28 07:00:16,416 - Knowledge - INFO - worker kw18 created with dedicated MongoDB connection (total: 18)
2025-08-28 07:00:16,419 - Knowledge - INFO - knowledge worker kw18 start
2025-08-28 07:00:16,429 - Knowledge - INFO - process ingested knowledge for /app/data/b2c/12661/b4300db/rialto-gstreamer-12661/source/MessageQueue.h
2025-08-28 07:00:16,470 - Knowledge - INFO - worker kw19 created with dedicated MongoDB connection (total: 19)
2025-08-28 07:00:16,475 - Knowledge - INFO - knowledge worker kw19 start
2025-08-28 07:00:16,476 - Knowledge - INFO - process ingested knowledge for /app/data/b2c/12661/b4300db/rialto-gstreamer-12661/source/RialtoGStreamerMSEBaseSinkCallbacks.h
2025-08-28 07:00:16,479 - Knowledge - INFO - worker kw20 created with dedicated MongoDB connection (total: 20)
2025-08-28 07:00:16,480 - Knowledge - INFO - knowledge worker kw20 start
2025-08-28 07:00:16,488 - Knowledge - WARNING - High connection count: 21 connections active
2025-08-28 07:00:16,488 - Knowledge - INFO - worker kw21 created with dedicated MongoDB connection (total: 21)
2025-08-28 07:00:16,489 - Knowledge - INFO - knowledge worker kw21 start
2025-08-28 07:00:16,492 - Knowledge - INFO - process ingested knowledge for /app/data/b2c/12661/b4300db/rialto-gstreamer-12661/source/RialtoGStreamerWebAudioSink.h
2025-08-28 07:00:16,493 - Knowledge - WARNING - High connection count: 22 connections active
2025-08-28 07:00:16,493 - Knowledge - INFO - worker kw22 created with dedicated MongoDB connection (total: 22)
2025-08-28 07:00:16,494 - Knowledge - INFO - knowledge worker kw22 start
2025-08-28 07:00:16,497 - Knowledge - INFO - process ingested knowledge for /app/data/b2c/12661/b4300db/rialto-gstreamer-12661/source/BufferParser.cpp
2025-08-28 07:00:16,498 - Knowledge - INFO - process ingested knowledge for /app/data/b2c/12661/b4300db/rialto-gstreamer-12661/source/ControlBackendInterface.h
2025-08-28 07:00:16,499 - Knowledge - WARNING - High connection count: 23 connections active
2025-08-28 07:00:16,499 - Knowledge - INFO - worker kw23 created with dedicated MongoDB connection (total: 23)
2025-08-28 07:00:16,500 - Knowledge - INFO - knowledge worker kw23 start
2025-08-28 07:00:16,503 - Knowledge - WARNING - High connection count: 24 connections active
2025-08-28 07:00:16,503 - Knowledge - INFO - worker kw24 created with dedicated MongoDB connection (total: 24)
2025-08-28 07:00:16,503 - Knowledge - INFO - knowledge worker kw24 start
2025-08-28 07:00:16,570 - Knowledge - WARNING - High connection count: 25 connections active
2025-08-28 07:00:16,570 - Knowledge - INFO - worker kw25 created with dedicated MongoDB connection (total: 25)
2025-08-28 07:00:16,577 - Knowledge - INFO - Found code-base-name: https://github.com/kavia-common/rialto-gstreamer-12661.git:kavia-6.0.0-rc1
2025-08-28 07:00:16,578 - Knowledge - INFO - Found code_base: <app.utils.kg_build.knowledge.KnowledgeCodeBase object at 0x7f4bab5f4bd0>
2025-08-28 07:00:16,578 - Knowledge - INFO - persist ingested knowledge for /app/data/b2c/12661/b4300db/rialto-gstreamer-12661/cmake/FindRialto.cmake
2025-08-28 07:00:16,578 - Knowledge - INFO - Found code-base-name: https://github.com/kavia-common/rialto-gstreamer-12661.git:kavia-6.0.0-rc1
2025-08-28 07:00:16,578 - Knowledge - INFO - Found code_base: <app.utils.kg_build.knowledge.KnowledgeCodeBase object at 0x7f4bab5f4bd0>
2025-08-28 07:00:16,579 - Knowledge - INFO - persist ingested knowledge for /app/data/b2c/12661/b4300db/rialto-gstreamer-12661/CMakeLists.txt
2025-08-28 07:00:16,579 - Knowledge - INFO - process ingested knowledge for /app/data/b2c/12661/b4300db/rialto-gstreamer-12661/source/RialtoGStreamerMSEBaseSink.h
2025-08-28 07:00:16,580 - Knowledge - INFO - Found code-base-name: https://github.com/kavia-common/rialto-gstreamer-12661.git:kavia-6.0.0-rc1
2025-08-28 07:00:16,581 - Knowledge - INFO - Found code_base: <app.utils.kg_build.knowledge.KnowledgeCodeBase object at 0x7f4bab5f4bd0>
2025-08-28 07:00:16,581 - Knowledge - INFO - persist ingested knowledge for /app/data/b2c/12661/b4300db/rialto-gstreamer-12661/TERMS.md
2025-08-28 07:00:16,582 - Knowledge - INFO - worker kw14 pull /app/data/b2c/12661/b4300db/rialto-gstreamer-12661/source/GStreamerEMEUtils.h from ingest queue
2025-08-28 07:00:16,587 - Knowledge - INFO - worker kw15 pull /app/data/b2c/12661/b4300db/rialto-gstreamer-12661/source/GStreamerUtils.cpp from ingest queue
2025-08-28 07:00:16,589 - Knowledge - INFO - knowledge worker kw25 start
2025-08-28 07:00:16,590 - Knowledge - INFO - Found code-base-name: https://github.com/kavia-common/rialto-gstreamer-12661.git:kavia-6.0.0-rc1
2025-08-28 07:00:16,591 - Knowledge - INFO - Found code_base: <app.utils.kg_build.knowledge.KnowledgeCodeBase object at 0x7f4bab5f4bd0>
2025-08-28 07:00:16,591 - Knowledge - INFO - persist ingested knowledge for /app/data/b2c/12661/b4300db/rialto-gstreamer-12661/scripts/clang-format/process_clang-format_errors.py
2025-08-28 07:00:16,596 - Knowledge - INFO - Found code-base-name: https://github.com/kavia-common/rialto-gstreamer-12661.git:kavia-6.0.0-rc1
2025-08-28 07:00:16,596 - Knowledge - INFO - Found code_base: <app.utils.kg_build.knowledge.KnowledgeCodeBase object at 0x7f4bab5f4bd0>
2025-08-28 07:00:16,596 - Knowledge - INFO - persist ingested knowledge for /app/data/b2c/12661/b4300db/rialto-gstreamer-12661/cmake/FindocdmRialto.cmake
2025-08-28 07:00:16,598 - Knowledge - INFO - Found code-base-name: https://github.com/kavia-common/rialto-gstreamer-12661.git:kavia-6.0.0-rc1
2025-08-28 07:00:16,598 - Knowledge - INFO - Found code_base: <app.utils.kg_build.knowledge.KnowledgeCodeBase object at 0x7f4bab5f4bd0>
2025-08-28 07:00:16,598 - Knowledge - INFO - persist ingested knowledge for /app/data/b2c/12661/b4300db/rialto-gstreamer-12661/scripts/valgrind/process_valgrind_results.py
2025-08-28 07:00:16,599 - Knowledge - INFO - worker kw17 pull /app/data/b2c/12661/b4300db/rialto-gstreamer-12661/source/GStreamerMSEMediaPlayerClient.cpp from ingest queue
2025-08-28 07:00:16,601 - Knowledge - INFO - worker kw18 pull /app/data/b2c/12661/b4300db/rialto-gstreamer-12661/source/RialtoGStreamerMSEVideoSink.h from ingest queue
2025-08-28 07:00:16,603 - Knowledge - INFO - worker kw16 pull /app/data/b2c/12661/b4300db/rialto-gstreamer-12661/source/GStreamerWebAudioPlayerClient.h from ingest queue
2025-08-28 07:00:16,605 - Knowledge - INFO - Found code-base-name: https://github.com/kavia-common/rialto-gstreamer-12661.git:kavia-6.0.0-rc1
2025-08-28 07:00:16,605 - Knowledge - INFO - Found code_base: <app.utils.kg_build.knowledge.KnowledgeCodeBase object at 0x7f4bab5f4bd0>
2025-08-28 07:00:16,605 - Knowledge - INFO - persist ingested knowledge for /app/data/b2c/12661/b4300db/rialto-gstreamer-12661/source/MessageQueue.h
2025-08-28 07:00:16,606 - Knowledge - INFO - worker kw19 pull /app/data/b2c/12661/b4300db/rialto-gstreamer-12661/source/RialtoGStreamerMSEAudioSink.cpp from ingest queue
2025-08-28 07:00:16,609 - Knowledge - INFO - worker kw20 pull /app/data/b2c/12661/b4300db/rialto-gstreamer-12661/source/Timer.cpp from ingest queue
2025-08-28 07:00:16,671 - Knowledge - INFO - worker kw21 pull /app/data/b2c/12661/b4300db/rialto-gstreamer-12661/source/MediaPlayerClientBackend.h from ingest queue
2025-08-28 07:00:16,675 - Knowledge - INFO - Found code-base-name: https://github.com/kavia-common/rialto-gstreamer-12661.git:kavia-6.0.0-rc1
2025-08-28 07:00:16,675 - Knowledge - INFO - Found code_base: <app.utils.kg_build.knowledge.KnowledgeCodeBase object at 0x7f4bab5f4bd0>
2025-08-28 07:00:16,676 - Knowledge - INFO - persist ingested knowledge for /app/data/b2c/12661/b4300db/rialto-gstreamer-12661/source/RialtoGStreamerMSEBaseSinkCallbacks.h
2025-08-28 07:00:16,678 - Knowledge - INFO - worker kw22 pull /app/data/b2c/12661/b4300db/rialto-gstreamer-12661/source/GStreamerMSEUtils.h from ingest queue
2025-08-28 07:00:16,686 - Knowledge - INFO - Found code-base-name: https://github.com/kavia-common/rialto-gstreamer-12661.git:kavia-6.0.0-rc1
2025-08-28 07:00:16,686 - Knowledge - INFO - Found code_base: <app.utils.kg_build.knowledge.KnowledgeCodeBase object at 0x7f4bab5f4bd0>
2025-08-28 07:00:16,686 - Knowledge - INFO - persist ingested knowledge for /app/data/b2c/12661/b4300db/rialto-gstreamer-12661/source/RialtoGStreamerWebAudioSink.h
2025-08-28 07:00:16,689 - Knowledge - INFO - worker kw23 pull /app/data/b2c/12661/b4300db/rialto-gstreamer-12661/source/WebAudioClientBackendInterface.h from ingest queue
2025-08-28 07:00:16,691 - Knowledge - INFO - Found code-base-name: https://github.com/kavia-common/rialto-gstreamer-12661.git:kavia-6.0.0-rc1
2025-08-28 07:00:16,691 - Knowledge - INFO - Found code_base: <app.utils.kg_build.knowledge.KnowledgeCodeBase object at 0x7f4bab5f4bd0>
2025-08-28 07:00:16,692 - Knowledge - INFO - persist ingested knowledge for /app/data/b2c/12661/b4300db/rialto-gstreamer-12661/source/ControlBackendInterface.h
2025-08-28 07:00:16,699 - Knowledge - INFO - Found code-base-name: https://github.com/kavia-common/rialto-gstreamer-12661.git:kavia-6.0.0-rc1
2025-08-28 07:00:16,699 - Knowledge - INFO - Found code_base: <app.utils.kg_build.knowledge.KnowledgeCodeBase object at 0x7f4bab5f4bd0>
2025-08-28 07:00:16,699 - Knowledge - INFO - persist ingested knowledge for /app/data/b2c/12661/b4300db/rialto-gstreamer-12661/source/BufferParser.cpp
2025-08-28 07:00:16,805 - Knowledge - INFO - process ingested knowledge for /app/data/b2c/12661/b4300db/rialto-gstreamer-12661/source/GStreamerEMEUtils.h
2025-08-28 07:00:16,806 - Knowledge - INFO - process ingested knowledge for /app/data/b2c/12661/b4300db/rialto-gstreamer-12661/source/GStreamerWebAudioPlayerClient.h
2025-08-28 07:00:16,809 - Knowledge - INFO - process ingested knowledge for /app/data/b2c/12661/b4300db/rialto-gstreamer-12661/source/GStreamerUtils.cpp
2025-08-28 07:00:16,809 - Knowledge - INFO - process ingested knowledge for /app/data/b2c/12661/b4300db/rialto-gstreamer-12661/source/RialtoGStreamerMSEVideoSink.h
2025-08-28 07:00:16,820 - Knowledge - INFO - process ingested knowledge for /app/data/b2c/12661/b4300db/rialto-gstreamer-12661/source/GStreamerMSEMediaPlayerClient.cpp
2025-08-28 07:00:16,880 - Knowledge - INFO - process ingested knowledge for /app/data/b2c/12661/b4300db/rialto-gstreamer-12661/source/Timer.cpp
2025-08-28 07:00:16,900 - Knowledge - INFO - process ingested knowledge for /app/data/b2c/12661/b4300db/rialto-gstreamer-12661/source/WebAudioClientBackendInterface.h
2025-08-28 07:00:16,901 - Knowledge - INFO - process ingested knowledge for /app/data/b2c/12661/b4300db/rialto-gstreamer-12661/source/MediaPlayerClientBackend.h
2025-08-28 07:00:16,904 - Knowledge - INFO - process ingested knowledge for /app/data/b2c/12661/b4300db/rialto-gstreamer-12661/source/GStreamerMSEUtils.h
2025-08-28 07:00:16,964 - Knowledge - INFO - process ingested knowledge for /app/data/b2c/12661/b4300db/rialto-gstreamer-12661/source/RialtoGStreamerMSEAudioSink.cpp
2025-08-28 07:00:16,981 - Knowledge - INFO - adding /app/data/b2c/12661/b4300db/rialto-gstreamer-12661/cmake/googletest.cmake to ingest queue
2025-08-28 07:00:17,800 - Knowledge - INFO - worker kw25 pull /app/data/b2c/12661/b4300db/rialto-gstreamer-12661/source/MediaPlayerManager.h from ingest queue
2025-08-28 07:00:17,881 - Knowledge - INFO - process ingested knowledge for /app/data/b2c/12661/b4300db/rialto-gstreamer-12661/source/MediaPlayerManager.h
2025-08-28 07:00:17,902 - Knowledge - INFO - Found code-base-name: https://github.com/kavia-common/rialto-gstreamer-12661.git:kavia-6.0.0-rc1
2025-08-28 07:00:17,903 - Knowledge - INFO - Found code_base: <app.utils.kg_build.knowledge.KnowledgeCodeBase object at 0x7f4bab5f4bd0>
2025-08-28 07:00:17,903 - Knowledge - INFO - persist ingested knowledge for /app/data/b2c/12661/b4300db/rialto-gstreamer-12661/source/RialtoGStreamerMSEBaseSink.h
2025-08-28 07:00:18,096 - Knowledge - INFO - adding /app/data/b2c/12661/b4300db/rialto-gstreamer-12661/source/RialtoGStreamerMSEBaseSinkCallbacks.h to ingest queue
2025-08-28 07:00:18,189 - Knowledge - INFO - worker kw24 pull /app/data/b2c/12661/b4300db/rialto-gstreamer-12661/source/CMakeLists.txt from ingest queue
2025-08-28 07:00:18,190 - Knowledge - INFO - Found code-base-name: https://github.com/kavia-common/rialto-gstreamer-12661.git:kavia-6.0.0-rc1
2025-08-28 07:00:18,190 - Knowledge - INFO - Found code_base: <app.utils.kg_build.knowledge.KnowledgeCodeBase object at 0x7f4bab5f4bd0>
2025-08-28 07:00:18,190 - Knowledge - INFO - persist ingested knowledge for /app/data/b2c/12661/b4300db/rialto-gstreamer-12661/source/GStreamerEMEUtils.h
2025-08-28 07:00:18,190 - Knowledge - INFO - Found code-base-name: https://github.com/kavia-common/rialto-gstreamer-12661.git:kavia-6.0.0-rc1
2025-08-28 07:00:18,190 - Knowledge - INFO - Found code_base: <app.utils.kg_build.knowledge.KnowledgeCodeBase object at 0x7f4bab5f4bd0>
2025-08-28 07:00:18,190 - Knowledge - INFO - persist ingested knowledge for /app/data/b2c/12661/b4300db/rialto-gstreamer-12661/source/GStreamerUtils.cpp
2025-08-28 07:00:18,273 - Knowledge - INFO - process ingested knowledge for /app/data/b2c/12661/b4300db/rialto-gstreamer-12661/source/CMakeLists.txt
2025-08-28 07:00:18,297 - Knowledge - INFO - Found code-base-name: https://github.com/kavia-common/rialto-gstreamer-12661.git:kavia-6.0.0-rc1
2025-08-28 07:00:18,297 - Knowledge - INFO - Found code_base: <app.utils.kg_build.knowledge.KnowledgeCodeBase object at 0x7f4bab5f4bd0>
2025-08-28 07:00:18,297 - Knowledge - INFO - persist ingested knowledge for /app/data/b2c/12661/b4300db/rialto-gstreamer-12661/source/RialtoGStreamerMSEVideoSink.h
2025-08-28 07:00:18,298 - Knowledge - INFO - Found code-base-name: https://github.com/kavia-common/rialto-gstreamer-12661.git:kavia-6.0.0-rc1
2025-08-28 07:00:18,298 - Knowledge - INFO - Found code_base: <app.utils.kg_build.knowledge.KnowledgeCodeBase object at 0x7f4bab5f4bd0>
2025-08-28 07:00:18,298 - Knowledge - INFO - persist ingested knowledge for /app/data/b2c/12661/b4300db/rialto-gstreamer-12661/source/GStreamerMSEMediaPlayerClient.cpp
2025-08-28 07:00:18,298 - Knowledge - INFO - Found code-base-name: https://github.com/kavia-common/rialto-gstreamer-12661.git:kavia-6.0.0-rc1
2025-08-28 07:00:18,298 - Knowledge - INFO - Found code_base: <app.utils.kg_build.knowledge.KnowledgeCodeBase object at 0x7f4bab5f4bd0>
2025-08-28 07:00:18,298 - Knowledge - INFO - persist ingested knowledge for /app/data/b2c/12661/b4300db/rialto-gstreamer-12661/source/Timer.cpp
2025-08-28 07:00:18,298 - Knowledge - INFO - Found code-base-name: https://github.com/kavia-common/rialto-gstreamer-12661.git:kavia-6.0.0-rc1
2025-08-28 07:00:18,299 - Knowledge - INFO - Found code_base: <app.utils.kg_build.knowledge.KnowledgeCodeBase object at 0x7f4bab5f4bd0>
2025-08-28 07:00:18,299 - Knowledge - INFO - persist ingested knowledge for /app/data/b2c/12661/b4300db/rialto-gstreamer-12661/source/WebAudioClientBackendInterface.h
2025-08-28 07:00:18,299 - Knowledge - INFO - Found code-base-name: https://github.com/kavia-common/rialto-gstreamer-12661.git:kavia-6.0.0-rc1
2025-08-28 07:00:18,299 - Knowledge - INFO - Found code_base: <app.utils.kg_build.knowledge.KnowledgeCodeBase object at 0x7f4bab5f4bd0>
2025-08-28 07:00:18,299 - Knowledge - INFO - persist ingested knowledge for /app/data/b2c/12661/b4300db/rialto-gstreamer-12661/source/MediaPlayerClientBackend.h
2025-08-28 07:00:18,299 - Knowledge - INFO - Found code-base-name: https://github.com/kavia-common/rialto-gstreamer-12661.git:kavia-6.0.0-rc1
2025-08-28 07:00:18,299 - Knowledge - INFO - Found code_base: <app.utils.kg_build.knowledge.KnowledgeCodeBase object at 0x7f4bab5f4bd0>
2025-08-28 07:00:18,300 - Knowledge - INFO - persist ingested knowledge for /app/data/b2c/12661/b4300db/rialto-gstreamer-12661/source/GStreamerMSEUtils.h
2025-08-28 07:00:18,303 - Knowledge - INFO - Found code-base-name: https://github.com/kavia-common/rialto-gstreamer-12661.git:kavia-6.0.0-rc1
2025-08-28 07:00:18,303 - Knowledge - INFO - Found code_base: <app.utils.kg_build.knowledge.KnowledgeCodeBase object at 0x7f4bab5f4bd0>
2025-08-28 07:00:18,303 - Knowledge - INFO - persist ingested knowledge for /app/data/b2c/12661/b4300db/rialto-gstreamer-12661/source/RialtoGStreamerMSEAudioSink.cpp
2025-08-28 07:00:18,304 - Knowledge - INFO - worker kw7 pull /app/data/b2c/12661/b4300db/rialto-gstreamer-12661/source/GStreamerMSEUtils.cpp from ingest queue
2025-08-28 07:00:18,304 - Knowledge - INFO - adding /app/data/b2c/12661/b4300db/rialto-gstreamer-12661/source/BufferParser.cpp to ingest queue
2025-08-28 07:00:18,306 - Knowledge - INFO - adding /app/data/b2c/12661/b4300db/rialto-gstreamer-12661/CMakeLists.txt to ingest queue
2025-08-28 07:00:18,307 - Knowledge - INFO - adding /app/data/b2c/12661/b4300db/rialto-gstreamer-12661/TERMS.md to ingest queue
2025-08-28 07:00:18,308 - Knowledge - INFO - worker kw3 pull /app/data/b2c/12661/b4300db/rialto-gstreamer-12661/source/GStreamerUtils.h from ingest queue
2025-08-28 07:00:18,308 - Knowledge - INFO - adding /app/data/b2c/12661/b4300db/rialto-gstreamer-12661/cmake/FindocdmRialto.cmake to ingest queue
2025-08-28 07:00:18,311 - Knowledge - INFO - adding /app/data/b2c/12661/b4300db/rialto-gstreamer-12661/scripts/clang-format/process_clang-format_errors.py to ingest queue
2025-08-28 07:00:18,311 - Knowledge - INFO - adding /app/data/b2c/12661/b4300db/rialto-gstreamer-12661/scripts/valgrind/process_valgrind_results.py to ingest queue
2025-08-28 07:00:18,312 - Knowledge - INFO - adding /app/data/b2c/12661/b4300db/rialto-gstreamer-12661/source/MessageQueue.h to ingest queue
2025-08-28 07:00:18,312 - Knowledge - INFO - worker kw11 pull /app/data/b2c/12661/b4300db/rialto-gstreamer-12661/source/GStreamerMSEMediaPlayerClient.h from ingest queue
2025-08-28 07:00:18,398 - Knowledge - INFO - process ingested knowledge for /app/data/b2c/12661/b4300db/rialto-gstreamer-12661/source/GStreamerUtils.h
2025-08-28 07:00:18,401 - Knowledge - INFO - process ingested knowledge for /app/data/b2c/12661/b4300db/rialto-gstreamer-12661/source/GStreamerMSEUtils.cpp
2025-08-28 07:00:18,468 - Knowledge - INFO - process ingested knowledge for /app/data/b2c/12661/b4300db/rialto-gstreamer-12661/source/GStreamerMSEMediaPlayerClient.h
2025-08-28 07:00:18,490 - Knowledge - INFO - adding /app/data/b2c/12661/b4300db/rialto-gstreamer-12661/source/RialtoGStreamerWebAudioSink.h to ingest queue
2025-08-28 07:00:18,490 - Knowledge - INFO - Found code-base-name: https://github.com/kavia-common/rialto-gstreamer-12661.git:kavia-6.0.0-rc1
2025-08-28 07:00:18,490 - Knowledge - INFO - Found code_base: <app.utils.kg_build.knowledge.KnowledgeCodeBase object at 0x7f4bab5f4bd0>
2025-08-28 07:00:18,490 - Knowledge - INFO - persist ingested knowledge for /app/data/b2c/12661/b4300db/rialto-gstreamer-12661/source/GStreamerWebAudioPlayerClient.h
2025-08-28 07:00:18,490 - Knowledge - INFO - Found code-base-name: https://github.com/kavia-common/rialto-gstreamer-12661.git:kavia-6.0.0-rc1
2025-08-28 07:00:18,490 - Knowledge - INFO - Found code_base: <app.utils.kg_build.knowledge.KnowledgeCodeBase object at 0x7f4bab5f4bd0>
2025-08-28 07:00:18,491 - Knowledge - INFO - persist ingested knowledge for /app/data/b2c/12661/b4300db/rialto-gstreamer-12661/source/CMakeLists.txt
2025-08-28 07:00:18,491 - Knowledge - INFO - adding /app/data/b2c/12661/b4300db/rialto-gstreamer-12661/source/GStreamerUtils.cpp to ingest queue
2025-08-28 07:00:19,191 - Knowledge - INFO - adding /app/data/b2c/12661/b4300db/rialto-gstreamer-12661/cmake/FindRialto.cmake to ingest queue
2025-08-28 07:00:19,192 - Knowledge - INFO - worker kw13 pull /app/data/b2c/12661/b4300db/rialto-gstreamer-12661/source/MediaPlayerManager.cpp from ingest queue
2025-08-28 07:00:19,193 - Knowledge - INFO - Found code-base-name: https://github.com/kavia-common/rialto-gstreamer-12661.git:kavia-6.0.0-rc1
2025-08-28 07:00:19,193 - Knowledge - INFO - Found code_base: <app.utils.kg_build.knowledge.KnowledgeCodeBase object at 0x7f4bab5f4bd0>
2025-08-28 07:00:19,193 - Knowledge - INFO - persist ingested knowledge for /app/data/b2c/12661/b4300db/rialto-gstreamer-12661/source/MediaPlayerManager.h
2025-08-28 07:00:19,279 - Knowledge - INFO - process ingested knowledge for /app/data/b2c/12661/b4300db/rialto-gstreamer-12661/source/MediaPlayerManager.cpp
2025-08-28 07:00:19,297 - Knowledge - INFO - worker kw5 pull /app/data/b2c/12661/b4300db/rialto-gstreamer-12661/source/WebAudioClientBackend.h from ingest queue
2025-08-28 07:00:19,297 - Knowledge - INFO - worker kw2 pull /app/data/b2c/12661/b4300db/rialto-gstreamer-12661/source/BufferParser.h from ingest queue
2025-08-28 07:00:19,298 - Knowledge - INFO - worker kw1 pull /app/data/b2c/12661/b4300db/rialto-gstreamer-12661/source/RialtoGSteamerPlugin.cpp from ingest queue
2025-08-28 07:00:19,299 - Knowledge - INFO - Found code-base-name: https://github.com/kavia-common/rialto-gstreamer-12661.git:kavia-6.0.0-rc1
2025-08-28 07:00:19,299 - Knowledge - INFO - Found code_base: <app.utils.kg_build.knowledge.KnowledgeCodeBase object at 0x7f4bab5f4bd0>
2025-08-28 07:00:19,300 - Knowledge - INFO - persist ingested knowledge for /app/data/b2c/12661/b4300db/rialto-gstreamer-12661/source/GStreamerUtils.h
2025-08-28 07:00:19,300 - Knowledge - INFO - Found code-base-name: https://github.com/kavia-common/rialto-gstreamer-12661.git:kavia-6.0.0-rc1
2025-08-28 07:00:19,301 - Knowledge - INFO - Found code_base: <app.utils.kg_build.knowledge.KnowledgeCodeBase object at 0x7f4bab5f4bd0>
2025-08-28 07:00:19,301 - Knowledge - INFO - persist ingested knowledge for /app/data/b2c/12661/b4300db/rialto-gstreamer-12661/source/GStreamerMSEMediaPlayerClient.h
2025-08-28 07:00:19,391 - Knowledge - INFO - process ingested knowledge for /app/data/b2c/12661/b4300db/rialto-gstreamer-12661/source/RialtoGSteamerPlugin.cpp
2025-08-28 07:00:19,409 - Knowledge - INFO - process ingested knowledge for /app/data/b2c/12661/b4300db/rialto-gstreamer-12661/source/WebAudioClientBackend.h
2025-08-28 07:00:19,410 - Knowledge - INFO - process ingested knowledge for /app/data/b2c/12661/b4300db/rialto-gstreamer-12661/source/BufferParser.h
2025-08-28 07:00:19,721 - Knowledge - INFO - worker kw6 pull /app/data/b2c/12661/b4300db/rialto-gstreamer-12661/source/GStreamerEMEUtils.cpp from ingest queue
2025-08-28 07:00:19,764 - Knowledge - INFO - worker kw15 pull /app/data/b2c/12661/b4300db/rialto-gstreamer-12661/source/RialtoGStreamerMSEBaseSinkPrivate.h from ingest queue
2025-08-28 07:00:19,771 - Knowledge - INFO - adding /app/data/b2c/12661/b4300db/rialto-gstreamer-12661/source/GStreamerMSEMediaPlayerClient.cpp to ingest queue
2025-08-28 07:00:19,772 - Knowledge - INFO - adding /app/data/b2c/12661/b4300db/rialto-gstreamer-12661/source/WebAudioClientBackendInterface.h to ingest queue
2025-08-28 07:00:19,772 - Knowledge - INFO - adding /app/data/b2c/12661/b4300db/rialto-gstreamer-12661/source/MediaPlayerClientBackend.h to ingest queue
2025-08-28 07:00:19,773 - Knowledge - INFO - adding /app/data/b2c/12661/b4300db/rialto-gstreamer-12661/source/GStreamerMSEUtils.h to ingest queue
2025-08-28 07:00:19,773 - Knowledge - INFO - worker kw4 pull /app/data/b2c/12661/b4300db/rialto-gstreamer-12661/source/RialtoGStreamerMSEBaseSink.cpp from ingest queue
2025-08-28 07:00:19,776 - Knowledge - INFO - adding /app/data/b2c/12661/b4300db/rialto-gstreamer-12661/source/RialtoGStreamerMSEAudioSink.cpp to ingest queue
2025-08-28 07:00:19,777 - Knowledge - INFO - worker kw9 pull /app/data/b2c/12661/b4300db/rialto-gstreamer-12661/source/MediaPlayerClientBackendInterface.h from ingest queue
2025-08-28 07:00:19,777 - Knowledge - INFO - worker kw23 pull /app/data/b2c/12661/b4300db/rialto-gstreamer-12661/source/RialtoGStreamerWebAudioSink.cpp from ingest queue
2025-08-28 07:00:19,790 - Knowledge - INFO - adding /app/data/b2c/12661/b4300db/rialto-gstreamer-12661/source/ControlBackendInterface.h to ingest queue
2025-08-28 07:00:19,795 - Knowledge - INFO - adding /app/data/b2c/12661/b4300db/rialto-gstreamer-12661/source/RialtoGStreamerMSEBaseSink.h to ingest queue
2025-08-28 07:00:19,966 - Knowledge - INFO - process ingested knowledge for /app/data/b2c/12661/b4300db/rialto-gstreamer-12661/source/GStreamerEMEUtils.cpp
2025-08-28 07:00:19,968 - Knowledge - INFO - process ingested knowledge for /app/data/b2c/12661/b4300db/rialto-gstreamer-12661/source/RialtoGStreamerMSEBaseSinkPrivate.h
2025-08-28 07:00:19,989 - Knowledge - INFO - process ingested knowledge for /app/data/b2c/12661/b4300db/rialto-gstreamer-12661/source/MediaPlayerClientBackendInterface.h
2025-08-28 07:00:19,989 - Knowledge - INFO - process ingested knowledge for /app/data/b2c/12661/b4300db/rialto-gstreamer-12661/source/RialtoGStreamerWebAudioSink.cpp
2025-08-28 07:00:19,990 - Knowledge - INFO - process ingested knowledge for /app/data/b2c/12661/b4300db/rialto-gstreamer-12661/source/RialtoGStreamerMSEBaseSink.cpp
2025-08-28 07:00:20,136 - Knowledge - INFO - adding /app/data/b2c/12661/b4300db/rialto-gstreamer-12661/source/GStreamerMSEMediaPlayerClient.h to ingest queue
2025-08-28 07:00:20,137 - Knowledge - INFO - worker kw11 pull /app/data/b2c/12661/b4300db/rialto-gstreamer-12661/source/GStreamerWebAudioPlayerClient.cpp from ingest queue
2025-08-28 07:00:20,164 - Knowledge - INFO - Found code-base-name: https://github.com/kavia-common/rialto-gstreamer-12661.git:kavia-6.0.0-rc1
2025-08-28 07:00:20,164 - Knowledge - INFO - Found code_base: <app.utils.kg_build.knowledge.KnowledgeCodeBase object at 0x7f4bab5f4bd0>
2025-08-28 07:00:20,164 - Knowledge - INFO - persist ingested knowledge for /app/data/b2c/12661/b4300db/rialto-gstreamer-12661/source/RialtoGSteamerPlugin.cpp
2025-08-28 07:00:20,165 - Knowledge - INFO - adding /app/data/b2c/12661/b4300db/rialto-gstreamer-12661/source/GStreamerEMEUtils.h to ingest queue
2025-08-28 07:00:20,165 - Knowledge - INFO - worker kw14 pull /app/data/b2c/12661/b4300db/rialto-gstreamer-12661/source/RialtoGStreamerMSEVideoSink.cpp from ingest queue
2025-08-28 07:00:20,166 - Knowledge - INFO - adding /app/data/b2c/12661/b4300db/rialto-gstreamer-12661/source/Timer.cpp to ingest queue
2025-08-28 07:00:20,168 - Knowledge - INFO - worker kw17 pull /app/data/b2c/12661/b4300db/rialto-gstreamer-12661/source/RialtoGStreamerMSEVideoSinkPrivate.h from ingest queue
2025-08-28 07:00:20,169 - Knowledge - INFO - worker kw8 pull /app/data/b2c/12661/b4300db/rialto-gstreamer-12661/source/Timer.h from ingest queue
2025-08-28 07:00:20,169 - Knowledge - INFO - Found code-base-name: https://github.com/kavia-common/rialto-gstreamer-12661.git:kavia-6.0.0-rc1
2025-08-28 07:00:20,169 - Knowledge - INFO - Found code_base: <app.utils.kg_build.knowledge.KnowledgeCodeBase object at 0x7f4bab5f4bd0>
2025-08-28 07:00:20,169 - Knowledge - INFO - persist ingested knowledge for /app/data/b2c/12661/b4300db/rialto-gstreamer-12661/source/MediaPlayerManager.cpp
2025-08-28 07:00:20,170 - Knowledge - INFO - worker kw21 pull /app/data/b2c/12661/b4300db/rialto-gstreamer-12661/source/RialtoGStreamerMSEAudioSink.h from ingest queue
2025-08-28 07:00:20,173 - Knowledge - INFO - worker kw19 pull /app/data/b2c/12661/b4300db/rialto-gstreamer-12661/source/ControlBackend.h from ingest queue
2025-08-28 07:00:20,175 - Knowledge - INFO - worker kw10 pull /app/data/b2c/12661/b4300db/rialto-gstreamer-12661/docs/index.html from ingest queue
2025-08-28 07:00:20,179 - Knowledge - INFO - Found code-base-name: https://github.com/kavia-common/rialto-gstreamer-12661.git:kavia-6.0.0-rc1
2025-08-28 07:00:20,180 - Knowledge - INFO - Found code_base: <app.utils.kg_build.knowledge.KnowledgeCodeBase object at 0x7f4bab5f4bd0>
2025-08-28 07:00:20,180 - Knowledge - INFO - persist ingested knowledge for /app/data/b2c/12661/b4300db/rialto-gstreamer-12661/source/GStreamerEMEUtils.cpp
2025-08-28 07:00:20,297 - Knowledge - INFO - process ingested knowledge for /app/data/b2c/12661/b4300db/rialto-gstreamer-12661/source/GStreamerWebAudioPlayerClient.cpp
2025-08-28 07:00:20,298 - Knowledge - INFO - process ingested knowledge for /app/data/b2c/12661/b4300db/rialto-gstreamer-12661/source/RialtoGStreamerMSEVideoSinkPrivate.h
2025-08-28 07:00:20,299 - Knowledge - INFO - process ingested knowledge for /app/data/b2c/12661/b4300db/rialto-gstreamer-12661/source/RialtoGStreamerMSEVideoSink.cpp
2025-08-28 07:00:20,310 - Knowledge - INFO - process ingested knowledge for /app/data/b2c/12661/b4300db/rialto-gstreamer-12661/docs/index.html
2025-08-28 07:00:20,311 - Knowledge - INFO - process ingested knowledge for /app/data/b2c/12661/b4300db/rialto-gstreamer-12661/source/RialtoGStreamerMSEAudioSink.h
2025-08-28 07:00:20,371 - Knowledge - INFO - process ingested knowledge for /app/data/b2c/12661/b4300db/rialto-gstreamer-12661/source/ControlBackend.h
2025-08-28 07:00:20,372 - Knowledge - INFO - process ingested knowledge for /app/data/b2c/12661/b4300db/rialto-gstreamer-12661/source/Timer.h
2025-08-28 07:00:20,381 - Knowledge - INFO - Found code-base-name: https://github.com/kavia-common/rialto-gstreamer-12661.git:kavia-6.0.0-rc1
2025-08-28 07:00:20,382 - Knowledge - INFO - Found code_base: <app.utils.kg_build.knowledge.KnowledgeCodeBase object at 0x7f4bab5f4bd0>
2025-08-28 07:00:20,382 - Knowledge - INFO - persist ingested knowledge for /app/data/b2c/12661/b4300db/rialto-gstreamer-12661/source/RialtoGStreamerWebAudioSink.cpp
2025-08-28 07:00:20,382 - Knowledge - INFO - Found code-base-name: https://github.com/kavia-common/rialto-gstreamer-12661.git:kavia-6.0.0-rc1
2025-08-28 07:00:20,383 - Knowledge - INFO - Found code_base: <app.utils.kg_build.knowledge.KnowledgeCodeBase object at 0x7f4bab5f4bd0>
2025-08-28 07:00:20,383 - Knowledge - INFO - persist ingested knowledge for /app/data/b2c/12661/b4300db/rialto-gstreamer-12661/source/RialtoGStreamerMSEBaseSink.cpp
2025-08-28 07:00:20,383 - Knowledge - INFO - adding /app/data/b2c/12661/b4300db/rialto-gstreamer-12661/source/GStreamerUtils.h to ingest queue
2025-08-28 07:00:20,383 - Knowledge - INFO - worker kw3 pull /app/data/b2c/12661/b4300db/rialto-gstreamer-12661/cppcheck_suppressions.xml from ingest queue
2025-08-28 07:00:20,384 - Knowledge - INFO - Found code-base-name: https://github.com/kavia-common/rialto-gstreamer-12661.git:kavia-6.0.0-rc1
2025-08-28 07:00:20,384 - Knowledge - INFO - Found code_base: <app.utils.kg_build.knowledge.KnowledgeCodeBase object at 0x7f4bab5f4bd0>
2025-08-28 07:00:20,384 - Knowledge - INFO - persist ingested knowledge for /app/data/b2c/12661/b4300db/rialto-gstreamer-12661/source/WebAudioClientBackend.h
2025-08-28 07:00:20,484 - Knowledge - INFO - process ingested knowledge for /app/data/b2c/12661/b4300db/rialto-gstreamer-12661/cppcheck_suppressions.xml
2025-08-28 07:00:20,514 - Knowledge - INFO - adding /app/data/b2c/12661/b4300db/rialto-gstreamer-12661/source/CMakeLists.txt to ingest queue
2025-08-28 07:00:20,516 - Knowledge - INFO - adding /app/data/b2c/12661/b4300db/rialto-gstreamer-12661/source/RialtoGStreamerMSEVideoSink.h to ingest queue
2025-08-28 07:00:20,522 - Knowledge - INFO - worker kw20 pull /app/data/b2c/12661/b4300db/rialto-gstreamer-12661/README.md from ingest queue
2025-08-28 07:00:20,526 - Knowledge - INFO - Found code-base-name: https://github.com/kavia-common/rialto-gstreamer-12661.git:kavia-6.0.0-rc1
2025-08-28 07:00:20,527 - Knowledge - INFO - Found code_base: <app.utils.kg_build.knowledge.KnowledgeCodeBase object at 0x7f4bab5f4bd0>
2025-08-28 07:00:20,527 - Knowledge - INFO - persist ingested knowledge for /app/data/b2c/12661/b4300db/rialto-gstreamer-12661/source/GStreamerMSEUtils.cpp
2025-08-28 07:00:20,600 - Knowledge - INFO - process ingested knowledge for /app/data/b2c/12661/b4300db/rialto-gstreamer-12661/README.md
2025-08-28 07:00:20,626 - Knowledge - INFO - worker kw22 pull /app/data/b2c/12661/b4300db/rialto-gstreamer-12661/tests/third-party/CMakeLists.txt from ingest queue
2025-08-28 07:00:20,627 - Knowledge - INFO - worker kw12 pull /app/data/b2c/12661/b4300db/rialto-gstreamer-12661/tests/third-party/source/ControlFactory.cpp from ingest queue
2025-08-28 07:00:20,629 - Knowledge - INFO - Found code-base-name: https://github.com/kavia-common/rialto-gstreamer-12661.git:kavia-6.0.0-rc1
2025-08-28 07:00:20,629 - Knowledge - INFO - Found code_base: <app.utils.kg_build.knowledge.KnowledgeCodeBase object at 0x7f4bab5f4bd0>
2025-08-28 07:00:20,629 - Knowledge - INFO - persist ingested knowledge for /app/data/b2c/12661/b4300db/rialto-gstreamer-12661/source/MediaPlayerClientBackendInterface.h
2025-08-28 07:00:20,636 - Knowledge - INFO - Found code-base-name: https://github.com/kavia-common/rialto-gstreamer-12661.git:kavia-6.0.0-rc1
2025-08-28 07:00:20,636 - Knowledge - INFO - Found code_base: <app.utils.kg_build.knowledge.KnowledgeCodeBase object at 0x7f4bab5f4bd0>
2025-08-28 07:00:20,637 - Knowledge - INFO - persist ingested knowledge for /app/data/b2c/12661/b4300db/rialto-gstreamer-12661/source/GStreamerWebAudioPlayerClient.cpp
2025-08-28 07:00:20,637 - Knowledge - INFO - Found code-base-name: https://github.com/kavia-common/rialto-gstreamer-12661.git:kavia-6.0.0-rc1
2025-08-28 07:00:20,637 - Knowledge - INFO - Found code_base: <app.utils.kg_build.knowledge.KnowledgeCodeBase object at 0x7f4bab5f4bd0>
2025-08-28 07:00:20,637 - Knowledge - INFO - persist ingested knowledge for /app/data/b2c/12661/b4300db/rialto-gstreamer-12661/source/RialtoGStreamerMSEVideoSink.cpp
2025-08-28 07:00:20,672 - Knowledge - INFO - Found code-base-name: https://github.com/kavia-common/rialto-gstreamer-12661.git:kavia-6.0.0-rc1
2025-08-28 07:00:20,672 - Knowledge - INFO - Found code_base: <app.utils.kg_build.knowledge.KnowledgeCodeBase object at 0x7f4bab5f4bd0>
2025-08-28 07:00:20,672 - Knowledge - INFO - persist ingested knowledge for /app/data/b2c/12661/b4300db/rialto-gstreamer-12661/docs/index.html
2025-08-28 07:00:20,722 - Knowledge - INFO - process ingested knowledge for /app/data/b2c/12661/b4300db/rialto-gstreamer-12661/tests/third-party/source/ControlFactory.cpp
2025-08-28 07:00:20,764 - Knowledge - INFO - process ingested knowledge for /app/data/b2c/12661/b4300db/rialto-gstreamer-12661/tests/third-party/CMakeLists.txt
2025-08-28 07:00:20,863 - Knowledge - INFO - adding /app/data/b2c/12661/b4300db/rialto-gstreamer-12661/docs/index.html to ingest queue
2025-08-28 07:00:20,863 - Knowledge - INFO - worker kw10 pull /app/data/b2c/12661/b4300db/rialto-gstreamer-12661/tests/third-party/source/WebAudioPlayerFactory.cpp from ingest queue
2025-08-28 07:00:20,867 - Knowledge - INFO - Found code-base-name: https://github.com/kavia-common/rialto-gstreamer-12661.git:kavia-6.0.0-rc1
2025-08-28 07:00:20,868 - Knowledge - INFO - Found code_base: <app.utils.kg_build.knowledge.KnowledgeCodeBase object at 0x7f4bab5f4bd0>
2025-08-28 07:00:20,868 - Knowledge - INFO - persist ingested knowledge for /app/data/b2c/12661/b4300db/rialto-gstreamer-12661/source/ControlBackend.h
2025-08-28 07:00:20,997 - Knowledge - INFO - process ingested knowledge for /app/data/b2c/12661/b4300db/rialto-gstreamer-12661/tests/third-party/source/WebAudioPlayerFactory.cpp
2025-08-28 07:00:21,034 - Knowledge - INFO - adding /app/data/b2c/12661/b4300db/rialto-gstreamer-12661/source/RialtoGStreamerMSEBaseSink.cpp to ingest queue
2025-08-28 07:00:21,035 - Knowledge - INFO - worker kw4 pull /app/data/b2c/12661/b4300db/rialto-gstreamer-12661/tests/third-party/source/MediaPipelineCapabilitiesFactory.cpp from ingest queue
2025-08-28 07:00:21,037 - Knowledge - INFO - Found code-base-name: https://github.com/kavia-common/rialto-gstreamer-12661.git:kavia-6.0.0-rc1
2025-08-28 07:00:21,037 - Knowledge - INFO - Found code_base: <app.utils.kg_build.knowledge.KnowledgeCodeBase object at 0x7f4bab5f4bd0>
2025-08-28 07:00:21,037 - Knowledge - INFO - persist ingested knowledge for /app/data/b2c/12661/b4300db/rialto-gstreamer-12661/cppcheck_suppressions.xml
2025-08-28 07:00:21,038 - Knowledge - INFO - adding /app/data/b2c/12661/b4300db/rialto-gstreamer-12661/source/RialtoGSteamerPlugin.cpp to ingest queue
2025-08-28 07:00:21,038 - Knowledge - INFO - worker kw1 pull /app/data/b2c/12661/b4300db/rialto-gstreamer-12661/tests/third-party/source/MediaPipelineFactory.cpp from ingest queue
2025-08-28 07:00:21,084 - Knowledge - INFO - process ingested knowledge for /app/data/b2c/12661/b4300db/rialto-gstreamer-12661/tests/third-party/source/MediaPipelineFactory.cpp
2025-08-28 07:00:21,087 - Knowledge - INFO - process ingested knowledge for /app/data/b2c/12661/b4300db/rialto-gstreamer-12661/tests/third-party/source/MediaPipelineCapabilitiesFactory.cpp
2025-08-28 07:00:21,185 - Knowledge - INFO - worker kw18 pull /app/data/b2c/12661/b4300db/rialto-gstreamer-12661/tests/ut/MediaPlayerClientBackendTests.cpp from ingest queue
2025-08-28 07:00:21,187 - Knowledge - INFO - adding /app/data/b2c/12661/b4300db/rialto-gstreamer-12661/source/MediaPlayerManager.cpp to ingest queue
2025-08-28 07:00:21,188 - Knowledge - INFO - worker kw13 pull /app/data/b2c/12661/b4300db/rialto-gstreamer-12661/tests/ut/GStreamerEmeUtilsTests.cpp from ingest queue
2025-08-28 07:00:21,188 - Knowledge - INFO - Found code-base-name: https://github.com/kavia-common/rialto-gstreamer-12661.git:kavia-6.0.0-rc1
2025-08-28 07:00:21,188 - Knowledge - INFO - Found code_base: <app.utils.kg_build.knowledge.KnowledgeCodeBase object at 0x7f4bab5f4bd0>
2025-08-28 07:00:21,188 - Knowledge - INFO - persist ingested knowledge for /app/data/b2c/12661/b4300db/rialto-gstreamer-12661/source/RialtoGStreamerMSEVideoSinkPrivate.h
2025-08-28 07:00:21,190 - Knowledge - INFO - Found code-base-name: https://github.com/kavia-common/rialto-gstreamer-12661.git:kavia-6.0.0-rc1
2025-08-28 07:00:21,190 - Knowledge - INFO - Found code_base: <app.utils.kg_build.knowledge.KnowledgeCodeBase object at 0x7f4bab5f4bd0>
2025-08-28 07:00:21,190 - Knowledge - INFO - persist ingested knowledge for /app/data/b2c/12661/b4300db/rialto-gstreamer-12661/source/RialtoGStreamerMSEBaseSinkPrivate.h
2025-08-28 07:00:21,283 - Knowledge - INFO - process ingested knowledge for /app/data/b2c/12661/b4300db/rialto-gstreamer-12661/tests/ut/GStreamerEmeUtilsTests.cpp
2025-08-28 07:00:21,300 - Knowledge - INFO - process ingested knowledge for /app/data/b2c/12661/b4300db/rialto-gstreamer-12661/tests/ut/MediaPlayerClientBackendTests.cpp
2025-08-28 07:00:21,327 - Knowledge - INFO - Found code-base-name: https://github.com/kavia-common/rialto-gstreamer-12661.git:kavia-6.0.0-rc1
2025-08-28 07:00:21,328 - Knowledge - INFO - Found code_base: <app.utils.kg_build.knowledge.KnowledgeCodeBase object at 0x7f4bab5f4bd0>
2025-08-28 07:00:21,328 - Knowledge - INFO - persist ingested knowledge for /app/data/b2c/12661/b4300db/rialto-gstreamer-12661/source/RialtoGStreamerMSEAudioSink.h
2025-08-28 07:00:21,328 - Knowledge - INFO - Found code-base-name: https://github.com/kavia-common/rialto-gstreamer-12661.git:kavia-6.0.0-rc1
2025-08-28 07:00:21,328 - Knowledge - INFO - Found code_base: <app.utils.kg_build.knowledge.KnowledgeCodeBase object at 0x7f4bab5f4bd0>
2025-08-28 07:00:21,328 - Knowledge - INFO - persist ingested knowledge for /app/data/b2c/12661/b4300db/rialto-gstreamer-12661/tests/third-party/source/ControlFactory.cpp
2025-08-28 07:00:21,328 - Knowledge - INFO - Found code-base-name: https://github.com/kavia-common/rialto-gstreamer-12661.git:kavia-6.0.0-rc1
2025-08-28 07:00:21,329 - Knowledge - INFO - Found code_base: <app.utils.kg_build.knowledge.KnowledgeCodeBase object at 0x7f4bab5f4bd0>
2025-08-28 07:00:21,329 - Knowledge - INFO - persist ingested knowledge for /app/data/b2c/12661/b4300db/rialto-gstreamer-12661/tests/third-party/CMakeLists.txt
2025-08-28 07:00:21,425 - Knowledge - INFO - Found code-base-name: https://github.com/kavia-common/rialto-gstreamer-12661.git:kavia-6.0.0-rc1
2025-08-28 07:00:21,426 - Knowledge - INFO - Found code_base: <app.utils.kg_build.knowledge.KnowledgeCodeBase object at 0x7f4bab5f4bd0>
2025-08-28 07:00:21,426 - Knowledge - INFO - persist ingested knowledge for /app/data/b2c/12661/b4300db/rialto-gstreamer-12661/source/Timer.h
2025-08-28 07:00:21,717 - Knowledge - INFO - Found code-base-name: https://github.com/kavia-common/rialto-gstreamer-12661.git:kavia-6.0.0-rc1
2025-08-28 07:00:21,717 - Knowledge - INFO - Found code_base: <app.utils.kg_build.knowledge.KnowledgeCodeBase object at 0x7f4bab5f4bd0>
2025-08-28 07:00:21,717 - Knowledge - INFO - persist ingested knowledge for /app/data/b2c/12661/b4300db/rialto-gstreamer-12661/tests/third-party/source/WebAudioPlayerFactory.cpp
2025-08-28 07:00:21,875 - Knowledge - INFO - Found code-base-name: https://github.com/kavia-common/rialto-gstreamer-12661.git:kavia-6.0.0-rc1
2025-08-28 07:00:21,875 - Knowledge - INFO - Found code_base: <app.utils.kg_build.knowledge.KnowledgeCodeBase object at 0x7f4bab5f4bd0>
2025-08-28 07:00:21,876 - Knowledge - INFO - persist ingested knowledge for /app/data/b2c/12661/b4300db/rialto-gstreamer-12661/source/BufferParser.h
2025-08-28 07:00:21,876 - Knowledge - INFO - adding /app/data/b2c/12661/b4300db/rialto-gstreamer-12661/source/GStreamerWebAudioPlayerClient.h to ingest queue
2025-08-28 07:00:22,195 - Knowledge - INFO - Found code-base-name: https://github.com/kavia-common/rialto-gstreamer-12661.git:kavia-6.0.0-rc1
2025-08-28 07:00:22,196 - Knowledge - INFO - Found code_base: <app.utils.kg_build.knowledge.KnowledgeCodeBase object at 0x7f4bab5f4bd0>
2025-08-28 07:00:22,196 - Knowledge - INFO - persist ingested knowledge for /app/data/b2c/12661/b4300db/rialto-gstreamer-12661/tests/third-party/source/MediaPipelineFactory.cpp
2025-08-28 07:00:22,196 - Knowledge - INFO - Found code-base-name: https://github.com/kavia-common/rialto-gstreamer-12661.git:kavia-6.0.0-rc1
2025-08-28 07:00:22,196 - Knowledge - INFO - Found code_base: <app.utils.kg_build.knowledge.KnowledgeCodeBase object at 0x7f4bab5f4bd0>
2025-08-28 07:00:22,196 - Knowledge - INFO - persist ingested knowledge for /app/data/b2c/12661/b4300db/rialto-gstreamer-12661/tests/third-party/source/MediaPipelineCapabilitiesFactory.cpp
2025-08-28 07:00:22,197 - Knowledge - INFO - adding /app/data/b2c/12661/b4300db/rialto-gstreamer-12661/source/GStreamerMSEUtils.cpp to ingest queue
2025-08-28 07:00:22,197 - Knowledge - INFO - worker kw7 pull /app/data/b2c/12661/b4300db/rialto-gstreamer-12661/tests/ut/CMakeLists.txt from ingest queue
2025-08-28 07:00:22,478 - Knowledge - INFO - process ingested knowledge for /app/data/b2c/12661/b4300db/rialto-gstreamer-12661/tests/ut/CMakeLists.txt
2025-08-28 07:00:22,568 - Knowledge - INFO - adding /app/data/b2c/12661/b4300db/rialto-gstreamer-12661/source/RialtoGStreamerMSEVideoSinkPrivate.h to ingest queue
2025-08-28 07:00:22,568 - Knowledge - INFO - worker kw17 pull /app/data/b2c/12661/b4300db/rialto-gstreamer-12661/tests/ut/ControlBackendTests.cpp from ingest queue
2025-08-28 07:00:22,570 - Knowledge - INFO - Found code-base-name: https://github.com/kavia-common/rialto-gstreamer-12661.git:kavia-6.0.0-rc1
2025-08-28 07:00:22,570 - Knowledge - INFO - Found code_base: <app.utils.kg_build.knowledge.KnowledgeCodeBase object at 0x7f4bab5f4bd0>
2025-08-28 07:00:22,571 - Knowledge - INFO - persist ingested knowledge for /app/data/b2c/12661/b4300db/rialto-gstreamer-12661/tests/ut/GStreamerEmeUtilsTests.cpp
2025-08-28 07:00:22,666 - Knowledge - INFO - process ingested knowledge for /app/data/b2c/12661/b4300db/rialto-gstreamer-12661/tests/ut/ControlBackendTests.cpp
2025-08-28 07:00:22,799 - Knowledge - INFO - adding /app/data/b2c/12661/b4300db/rialto-gstreamer-12661/tests/third-party/source/ControlFactory.cpp to ingest queue
2025-08-28 07:00:22,799 - Knowledge - INFO - worker kw12 pull /app/data/b2c/12661/b4300db/rialto-gstreamer-12661/tests/ut/BufferParserTests.cpp from ingest queue
2025-08-28 07:00:22,799 - Knowledge - INFO - adding /app/data/b2c/12661/b4300db/rialto-gstreamer-12661/source/GStreamerEMEUtils.cpp to ingest queue
2025-08-28 07:00:22,800 - Knowledge - INFO - adding /app/data/b2c/12661/b4300db/rialto-gstreamer-12661/source/Timer.h to ingest queue
2025-08-28 07:00:22,912 - Knowledge - INFO - process ingested knowledge for /app/data/b2c/12661/b4300db/rialto-gstreamer-12661/tests/ut/BufferParserTests.cpp
2025-08-28 07:00:22,972 - Knowledge - INFO - adding /app/data/b2c/12661/b4300db/rialto-gstreamer-12661/source/WebAudioClientBackend.h to ingest queue
2025-08-28 07:00:22,972 - Knowledge - INFO - worker kw16 pull /app/data/b2c/12661/b4300db/rialto-gstreamer-12661/tests/ut/WebAudioClientBackendTests.cpp from ingest queue
2025-08-28 07:00:22,974 - Knowledge - INFO - adding /app/data/b2c/12661/b4300db/rialto-gstreamer-12661/source/MediaPlayerManager.h to ingest queue
2025-08-28 07:00:23,023 - Knowledge - INFO - process ingested knowledge for /app/data/b2c/12661/b4300db/rialto-gstreamer-12661/tests/ut/WebAudioClientBackendTests.cpp
2025-08-28 07:00:23,206 - Knowledge - INFO - Found code-base-name: https://github.com/kavia-common/rialto-gstreamer-12661.git:kavia-6.0.0-rc1
2025-08-28 07:00:23,206 - Knowledge - INFO - Found code_base: <app.utils.kg_build.knowledge.KnowledgeCodeBase object at 0x7f4bab5f4bd0>
2025-08-28 07:00:23,206 - Knowledge - INFO - persist ingested knowledge for /app/data/b2c/12661/b4300db/rialto-gstreamer-12661/README.md
2025-08-28 07:00:23,305 - Knowledge - INFO - adding /app/data/b2c/12661/b4300db/rialto-gstreamer-12661/source/MediaPlayerClientBackendInterface.h to ingest queue
2025-08-28 07:00:23,305 - Knowledge - INFO - worker kw9 pull /app/data/b2c/12661/b4300db/rialto-gstreamer-12661/tests/ut/GStreamerUtilsTests.cpp from ingest queue
2025-08-28 07:00:23,397 - Knowledge - INFO - process ingested knowledge for /app/data/b2c/12661/b4300db/rialto-gstreamer-12661/tests/ut/GStreamerUtilsTests.cpp
2025-08-28 07:00:23,548 - Knowledge - INFO - adding /app/data/b2c/12661/b4300db/rialto-gstreamer-12661/source/RialtoGStreamerMSEAudioSink.h to ingest queue
2025-08-28 07:00:23,549 - Knowledge - INFO - adding /app/data/b2c/12661/b4300db/rialto-gstreamer-12661/source/GStreamerWebAudioPlayerClient.cpp to ingest queue
2025-08-28 07:00:23,675 - Knowledge - INFO - worker kw6 pull /app/data/b2c/12661/b4300db/rialto-gstreamer-12661/tests/mocks/MediaPipelineCapabilitiesMock.h from ingest queue
2025-08-28 07:00:23,676 - Knowledge - INFO - adding /app/data/b2c/12661/b4300db/rialto-gstreamer-12661/source/ControlBackend.h to ingest queue
2025-08-28 07:00:23,676 - Knowledge - INFO - worker kw19 pull /app/data/b2c/12661/b4300db/rialto-gstreamer-12661/tests/mocks/WebAudioPlayerClientMock.h from ingest queue
2025-08-28 07:00:23,686 - Knowledge - INFO - worker kw8 pull /app/data/b2c/12661/b4300db/rialto-gstreamer-12661/tests/mocks/MediaPipelineMock.h from ingest queue
2025-08-28 07:00:23,688 - Knowledge - INFO - Found code-base-name: https://github.com/kavia-common/rialto-gstreamer-12661.git:kavia-6.0.0-rc1
2025-08-28 07:00:23,688 - Knowledge - INFO - Found code_base: <app.utils.kg_build.knowledge.KnowledgeCodeBase object at 0x7f4bab5f4bd0>
2025-08-28 07:00:23,688 - Knowledge - INFO - persist ingested knowledge for /app/data/b2c/12661/b4300db/rialto-gstreamer-12661/tests/ut/BufferParserTests.cpp
2025-08-28 07:00:23,774 - Knowledge - INFO - process ingested knowledge for /app/data/b2c/12661/b4300db/rialto-gstreamer-12661/tests/mocks/WebAudioPlayerClientMock.h
2025-08-28 07:00:23,798 - Knowledge - INFO - process ingested knowledge for /app/data/b2c/12661/b4300db/rialto-gstreamer-12661/tests/mocks/MediaPipelineCapabilitiesMock.h
2025-08-28 07:00:23,801 - Knowledge - INFO - process ingested knowledge for /app/data/b2c/12661/b4300db/rialto-gstreamer-12661/tests/mocks/MediaPipelineMock.h
2025-08-28 07:00:23,871 - Knowledge - INFO - worker kw5 pull /app/data/b2c/12661/b4300db/rialto-gstreamer-12661/tests/mocks/CMakeLists.txt from ingest queue
2025-08-28 07:00:23,871 - Knowledge - INFO - adding /app/data/b2c/12661/b4300db/rialto-gstreamer-12661/tests/third-party/source/WebAudioPlayerFactory.cpp to ingest queue
2025-08-28 07:00:23,881 - Knowledge - INFO - adding /app/data/b2c/12661/b4300db/rialto-gstreamer-12661/cppcheck_suppressions.xml to ingest queue
2025-08-28 07:00:23,882 - Knowledge - INFO - worker kw3 pull /app/data/b2c/12661/b4300db/rialto-gstreamer-12661/tests/mocks/ControlMock.h from ingest queue
2025-08-28 07:00:23,889 - Knowledge - INFO - Found code-base-name: https://github.com/kavia-common/rialto-gstreamer-12661.git:kavia-6.0.0-rc1
2025-08-28 07:00:23,889 - Knowledge - INFO - Found code_base: <app.utils.kg_build.knowledge.KnowledgeCodeBase object at 0x7f4bab5f4bd0>
2025-08-28 07:00:23,890 - Knowledge - INFO - persist ingested knowledge for /app/data/b2c/12661/b4300db/rialto-gstreamer-12661/tests/ut/WebAudioClientBackendTests.cpp
2025-08-28 07:00:23,975 - Knowledge - INFO - process ingested knowledge for /app/data/b2c/12661/b4300db/rialto-gstreamer-12661/tests/mocks/ControlMock.h
2025-08-28 07:00:23,985 - Knowledge - INFO - process ingested knowledge for /app/data/b2c/12661/b4300db/rialto-gstreamer-12661/tests/mocks/CMakeLists.txt
2025-08-28 07:00:24,028 - Knowledge - INFO - Found code-base-name: https://github.com/kavia-common/rialto-gstreamer-12661.git:kavia-6.0.0-rc1
2025-08-28 07:00:24,028 - Knowledge - INFO - Found code_base: <app.utils.kg_build.knowledge.KnowledgeCodeBase object at 0x7f4bab5f4bd0>
2025-08-28 07:00:24,028 - Knowledge - INFO - persist ingested knowledge for /app/data/b2c/12661/b4300db/rialto-gstreamer-12661/tests/ut/CMakeLists.txt
2025-08-28 07:00:24,029 - Knowledge - INFO - Found code-base-name: https://github.com/kavia-common/rialto-gstreamer-12661.git:kavia-6.0.0-rc1
2025-08-28 07:00:24,029 - Knowledge - INFO - Found code_base: <app.utils.kg_build.knowledge.KnowledgeCodeBase object at 0x7f4bab5f4bd0>
2025-08-28 07:00:24,029 - Knowledge - INFO - persist ingested knowledge for /app/data/b2c/12661/b4300db/rialto-gstreamer-12661/tests/ut/MediaPlayerClientBackendTests.cpp
2025-08-28 07:00:24,184 - Knowledge - INFO - adding /app/data/b2c/12661/b4300db/rialto-gstreamer-12661/tests/ut/MediaPlayerClientBackendTests.cpp to ingest queue
2025-08-28 07:00:24,184 - Knowledge - INFO - worker kw18 pull /app/data/b2c/12661/b4300db/rialto-gstreamer-12661/tests/mocks/MediaPipelineClientMock.h from ingest queue
2025-08-28 07:00:24,187 - Knowledge - INFO - adding /app/data/b2c/12661/b4300db/rialto-gstreamer-12661/source/RialtoGStreamerMSEBaseSinkPrivate.h to ingest queue
2025-08-28 07:00:24,212 - Knowledge - INFO - worker kw11 pull /app/data/b2c/12661/b4300db/rialto-gstreamer-12661/tests/mocks/WebAudioPlayerMock.h from ingest queue
2025-08-28 07:00:24,213 - Knowledge - INFO - Found code-base-name: https://github.com/kavia-common/rialto-gstreamer-12661.git:kavia-6.0.0-rc1
2025-08-28 07:00:24,214 - Knowledge - INFO - Found code_base: <app.utils.kg_build.knowledge.KnowledgeCodeBase object at 0x7f4bab5f4bd0>
2025-08-28 07:00:24,214 - Knowledge - INFO - persist ingested knowledge for /app/data/b2c/12661/b4300db/rialto-gstreamer-12661/tests/ut/ControlBackendTests.cpp
2025-08-28 07:00:24,364 - Knowledge - INFO - process ingested knowledge for /app/data/b2c/12661/b4300db/rialto-gstreamer-12661/tests/mocks/MediaPipelineClientMock.h
2025-08-28 07:00:24,435 - Knowledge - INFO - adding /app/data/b2c/12661/b4300db/rialto-gstreamer-12661/tests/ut/ControlBackendTests.cpp to ingest queue
2025-08-28 07:00:24,436 - Knowledge - INFO - worker kw24 pull /app/data/b2c/12661/b4300db/rialto-gstreamer-12661/CONTRIBUTING.md from ingest queue
2025-08-28 07:00:24,437 - Knowledge - INFO - Found code-base-name: https://github.com/kavia-common/rialto-gstreamer-12661.git:kavia-6.0.0-rc1
2025-08-28 07:00:24,438 - Knowledge - INFO - Found code_base: <app.utils.kg_build.knowledge.KnowledgeCodeBase object at 0x7f4bab5f4bd0>
2025-08-28 07:00:24,438 - Knowledge - INFO - persist ingested knowledge for /app/data/b2c/12661/b4300db/rialto-gstreamer-12661/tests/mocks/MediaPipelineMock.h
2025-08-28 07:00:24,439 - Knowledge - INFO - Found code-base-name: https://github.com/kavia-common/rialto-gstreamer-12661.git:kavia-6.0.0-rc1
2025-08-28 07:00:24,439 - Knowledge - INFO - Found code_base: <app.utils.kg_build.knowledge.KnowledgeCodeBase object at 0x7f4bab5f4bd0>
2025-08-28 07:00:24,439 - Knowledge - INFO - persist ingested knowledge for /app/data/b2c/12661/b4300db/rialto-gstreamer-12661/tests/mocks/MediaPipelineCapabilitiesMock.h
2025-08-28 07:00:24,456 - Knowledge - INFO - process ingested knowledge for /app/data/b2c/12661/b4300db/rialto-gstreamer-12661/tests/mocks/WebAudioPlayerMock.h
2025-08-28 07:00:24,523 - Knowledge - INFO - process ingested knowledge for /app/data/b2c/12661/b4300db/rialto-gstreamer-12661/CONTRIBUTING.md
2025-08-28 07:00:24,624 - Knowledge - INFO - adding /app/data/b2c/12661/b4300db/rialto-gstreamer-12661/tests/mocks/MediaPipelineCapabilitiesMock.h to ingest queue
2025-08-28 07:00:24,624 - Knowledge - INFO - worker kw25 pull /app/data/b2c/12661/b4300db/rialto-gstreamer-12661/CHANGELOG.md from ingest queue
2025-08-28 07:00:24,630 - Knowledge - INFO - adding /app/data/b2c/12661/b4300db/rialto-gstreamer-12661/tests/third-party/source/MediaPipelineFactory.cpp to ingest queue
2025-08-28 07:00:24,631 - Knowledge - INFO - adding /app/data/b2c/12661/b4300db/rialto-gstreamer-12661/tests/third-party/source/MediaPipelineCapabilitiesFactory.cpp to ingest queue
2025-08-28 07:00:24,635 - Knowledge - INFO - Found code-base-name: https://github.com/kavia-common/rialto-gstreamer-12661.git:kavia-6.0.0-rc1
2025-08-28 07:00:24,637 - Knowledge - INFO - Found code_base: <app.utils.kg_build.knowledge.KnowledgeCodeBase object at 0x7f4bab5f4bd0>
2025-08-28 07:00:24,637 - Knowledge - INFO - persist ingested knowledge for /app/data/b2c/12661/b4300db/rialto-gstreamer-12661/tests/mocks/ControlMock.h
2025-08-28 07:00:24,647 - Knowledge - INFO - Found code-base-name: https://github.com/kavia-common/rialto-gstreamer-12661.git:kavia-6.0.0-rc1
2025-08-28 07:00:24,647 - Knowledge - INFO - Found code_base: <app.utils.kg_build.knowledge.KnowledgeCodeBase object at 0x7f4bab5f4bd0>
2025-08-28 07:00:24,647 - Knowledge - INFO - persist ingested knowledge for /app/data/b2c/12661/b4300db/rialto-gstreamer-12661/tests/mocks/CMakeLists.txt
2025-08-28 07:00:24,748 - Knowledge - INFO - process ingested knowledge for /app/data/b2c/12661/b4300db/rialto-gstreamer-12661/CHANGELOG.md
2025-08-28 07:00:24,823 - Knowledge - INFO - adding /app/data/b2c/12661/b4300db/rialto-gstreamer-12661/tests/ut/WebAudioClientBackendTests.cpp to ingest queue
2025-08-28 07:00:24,964 - Knowledge - INFO - adding /app/data/b2c/12661/b4300db/rialto-gstreamer-12661/tests/ut/GStreamerEmeUtilsTests.cpp to ingest queue
2025-08-28 07:00:24,964 - Knowledge - INFO - worker kw13 pull /app/data/b2c/12661/b4300db/rialto-gstreamer-12661/build_ut.py from ingest queue
2025-08-28 07:00:24,973 - Knowledge - INFO - Found code-base-name: https://github.com/kavia-common/rialto-gstreamer-12661.git:kavia-6.0.0-rc1
2025-08-28 07:00:24,973 - Knowledge - INFO - Found code_base: <app.utils.kg_build.knowledge.KnowledgeCodeBase object at 0x7f4bab5f4bd0>
2025-08-28 07:00:24,973 - Knowledge - INFO - persist ingested knowledge for /app/data/b2c/12661/b4300db/rialto-gstreamer-12661/tests/ut/GStreamerUtilsTests.cpp
2025-08-28 07:00:24,974 - Knowledge - INFO - worker kw15 pull /app/data/b2c/12661/b4300db/rialto-gstreamer-12661/cmake/googletest.cmake from ingest queue
2025-08-28 07:00:24,974 - Knowledge - INFO - Thread kw15 - File googletest.cmake - Remaining files in queue: 50
2025-08-28 07:00:24,974 - Knowledge - INFO - start ingest for /app/data/b2c/12661/b4300db/rialto-gstreamer-12661/cmake/googletest.cmake
2025-08-28 07:00:24,974 - Knowledge - INFO - Found code-base-name: https://github.com/kavia-common/rialto-gstreamer-12661.git:kavia-6.0.0-rc1
2025-08-28 07:00:24,975 - Knowledge - INFO - Found code_base: <app.utils.kg_build.knowledge.KnowledgeCodeBase object at 0x7f4bab5f4bd0>
2025-08-28 07:00:24,975 - Knowledge - INFO - persist ingested knowledge for /app/data/b2c/12661/b4300db/rialto-gstreamer-12661/tests/mocks/WebAudioPlayerClientMock.h
2025-08-28 07:00:24,976 - Knowledge - INFO - Found code-base-name: https://github.com/kavia-common/rialto-gstreamer-12661.git:kavia-6.0.0-rc1
2025-08-28 07:00:24,976 - Knowledge - INFO - Found code_base: <app.utils.kg_build.knowledge.KnowledgeCodeBase object at 0x7f4bab5f4bd0>
2025-08-28 07:00:24,976 - Knowledge - INFO - persist ingested knowledge for /app/data/b2c/12661/b4300db/rialto-gstreamer-12661/tests/mocks/MediaPipelineClientMock.h
2025-08-28 07:00:25,115 - Knowledge - INFO - process ingested knowledge for /app/data/b2c/12661/b4300db/rialto-gstreamer-12661/build_ut.py
2025-08-28 07:00:25,175 - Knowledge - INFO - adding /app/data/b2c/12661/b4300db/rialto-gstreamer-12661/tests/ut/BufferParserTests.cpp to ingest queue
2025-08-28 07:00:25,405 - Knowledge - INFO - Found code-base-name: https://github.com/kavia-common/rialto-gstreamer-12661.git:kavia-6.0.0-rc1
2025-08-28 07:00:25,406 - Knowledge - INFO - Found code_base: <app.utils.kg_build.knowledge.KnowledgeCodeBase object at 0x7f4bab5f4bd0>
2025-08-28 07:00:25,406 - Knowledge - INFO - persist ingested knowledge for /app/data/b2c/12661/b4300db/rialto-gstreamer-12661/tests/mocks/WebAudioPlayerMock.h
2025-08-28 07:00:25,412 - Knowledge - INFO - Found code-base-name: https://github.com/kavia-common/rialto-gstreamer-12661.git:kavia-6.0.0-rc1
2025-08-28 07:00:25,412 - Knowledge - INFO - Found code_base: <app.utils.kg_build.knowledge.KnowledgeCodeBase object at 0x7f4bab5f4bd0>
2025-08-28 07:00:25,412 - Knowledge - INFO - persist ingested knowledge for /app/data/b2c/12661/b4300db/rialto-gstreamer-12661/CONTRIBUTING.md
2025-08-28 07:00:25,724 - Knowledge - INFO - worker kw10 pull /app/data/b2c/12661/b4300db/rialto-gstreamer-12661/source/RialtoGStreamerMSEBaseSinkCallbacks.h from ingest queue
2025-08-28 07:00:25,724 - Knowledge - INFO - Thread kw10 - File RialtoGStreamerMSEBaseSinkCallbacks.h - Remaining files in queue: 50
2025-08-28 07:00:25,725 - Knowledge - INFO - start ingest for /app/data/b2c/12661/b4300db/rialto-gstreamer-12661/source/RialtoGStreamerMSEBaseSinkCallbacks.h
2025-08-28 07:00:26,892 - Knowledge - INFO - worker kw4 pull /app/data/b2c/12661/b4300db/rialto-gstreamer-12661/source/BufferParser.cpp from ingest queue
2025-08-28 07:00:26,893 - Knowledge - INFO - Thread kw4 - File BufferParser.cpp - Remaining files in queue: 49
2025-08-28 07:00:26,893 - Knowledge - INFO - start ingest for /app/data/b2c/12661/b4300db/rialto-gstreamer-12661/source/BufferParser.cpp
2025-08-28 07:00:26,893 - Knowledge - INFO - worker kw6 pull /app/data/b2c/12661/b4300db/rialto-gstreamer-12661/CMakeLists.txt from ingest queue
2025-08-28 07:00:26,893 - Knowledge - INFO - Thread kw6 - File CMakeLists.txt - Remaining files in queue: 48
2025-08-28 07:00:26,893 - Knowledge - INFO - start ingest for /app/data/b2c/12661/b4300db/rialto-gstreamer-12661/CMakeLists.txt
2025-08-28 07:00:26,894 - Knowledge - INFO - Found code-base-name: https://github.com/kavia-common/rialto-gstreamer-12661.git:kavia-6.0.0-rc1
2025-08-28 07:00:26,894 - Knowledge - INFO - Found code_base: <app.utils.kg_build.knowledge.KnowledgeCodeBase object at 0x7f4bab5f4bd0>
2025-08-28 07:00:26,894 - Knowledge - INFO - persist ingested knowledge for /app/data/b2c/12661/b4300db/rialto-gstreamer-12661/CHANGELOG.md
2025-08-28 07:00:26,895 - Knowledge - INFO - adding /app/data/b2c/12661/b4300db/rialto-gstreamer-12661/source/RialtoGStreamerMSEVideoSink.cpp to ingest queue
2025-08-28 07:00:26,900 - Knowledge - INFO - worker kw16 pull /app/data/b2c/12661/b4300db/rialto-gstreamer-12661/TERMS.md from ingest queue
2025-08-28 07:00:26,900 - Knowledge - INFO - Thread kw16 - File TERMS.md - Remaining files in queue: 48
2025-08-28 07:00:26,901 - Knowledge - INFO - start ingest for /app/data/b2c/12661/b4300db/rialto-gstreamer-12661/TERMS.md
2025-08-28 07:00:26,901 - Knowledge - INFO - adding /app/data/b2c/12661/b4300db/rialto-gstreamer-12661/tests/third-party/CMakeLists.txt to ingest queue
2025-08-28 07:00:26,907 - Knowledge - INFO - adding /app/data/b2c/12661/b4300db/rialto-gstreamer-12661/source/RialtoGStreamerWebAudioSink.cpp to ingest queue
2025-08-28 07:00:26,908 - Knowledge - INFO - worker kw21 pull /app/data/b2c/12661/b4300db/rialto-gstreamer-12661/cmake/FindocdmRialto.cmake from ingest queue
2025-08-28 07:00:26,908 - Knowledge - INFO - Thread kw21 - File FindocdmRialto.cmake - Remaining files in queue: 49
2025-08-28 07:00:26,909 - Knowledge - INFO - start ingest for /app/data/b2c/12661/b4300db/rialto-gstreamer-12661/cmake/FindocdmRialto.cmake
2025-08-28 07:00:26,909 - Knowledge - INFO - Fast-track processing for simple file: /app/data/b2c/12661/b4300db/rialto-gstreamer-12661/CMakeLists.txt
2025-08-28 07:00:26,909 - Knowledge - INFO - done fast ingest for /app/data/b2c/12661/b4300db/rialto-gstreamer-12661/CMakeLists.txt
2025-08-28 07:00:26,909 - Knowledge - INFO - process ingested knowledge for /app/data/b2c/12661/b4300db/rialto-gstreamer-12661/CMakeLists.txt
2025-08-28 07:00:26,972 - Knowledge - INFO - Fast-track processing for simple file: /app/data/b2c/12661/b4300db/rialto-gstreamer-12661/TERMS.md
2025-08-28 07:00:26,972 - Knowledge - INFO - done fast ingest for /app/data/b2c/12661/b4300db/rialto-gstreamer-12661/TERMS.md
2025-08-28 07:00:26,972 - Knowledge - INFO - process ingested knowledge for /app/data/b2c/12661/b4300db/rialto-gstreamer-12661/TERMS.md
2025-08-28 07:00:27,203 - Knowledge - INFO - worker kw17 pull /app/data/b2c/12661/b4300db/rialto-gstreamer-12661/scripts/clang-format/process_clang-format_errors.py from ingest queue
2025-08-28 07:00:27,204 - Knowledge - INFO - Thread kw17 - File process_clang-format_errors.py - Remaining files in queue: 48
2025-08-28 07:00:27,204 - Knowledge - INFO - start ingest for /app/data/b2c/12661/b4300db/rialto-gstreamer-12661/scripts/clang-format/process_clang-format_errors.py
2025-08-28 07:00:27,763 - Knowledge - INFO - Found code-base-name: https://github.com/kavia-common/rialto-gstreamer-12661.git:kavia-6.0.0-rc1
2025-08-28 07:00:27,764 - Knowledge - INFO - Found code_base: <app.utils.kg_build.knowledge.KnowledgeCodeBase object at 0x7f4bab5f4bd0>
2025-08-28 07:00:27,764 - Knowledge - INFO - persist ingested knowledge for /app/data/b2c/12661/b4300db/rialto-gstreamer-12661/build_ut.py
2025-08-28 07:00:27,768 - Knowledge - INFO - adding /app/data/b2c/12661/b4300db/rialto-gstreamer-12661/tests/mocks/MediaPipelineMock.h to ingest queue
2025-08-28 07:00:27,773 - Knowledge - INFO - worker kw12 pull /app/data/b2c/12661/b4300db/rialto-gstreamer-12661/scripts/valgrind/process_valgrind_results.py from ingest queue
2025-08-28 07:00:27,774 - Knowledge - INFO - Thread kw12 - File process_valgrind_results.py - Remaining files in queue: 48
2025-08-28 07:00:27,775 - Knowledge - INFO - start ingest for /app/data/b2c/12661/b4300db/rialto-gstreamer-12661/scripts/valgrind/process_valgrind_results.py
2025-08-28 07:00:27,780 - Knowledge - INFO - adding /app/data/b2c/12661/b4300db/rialto-gstreamer-12661/source/BufferParser.h to ingest queue
2025-08-28 07:00:28,179 - Knowledge - INFO - adding /app/data/b2c/12661/b4300db/rialto-gstreamer-12661/CONTRIBUTING.md to ingest queue
2025-08-28 07:00:28,186 - Knowledge - INFO - adding /app/data/b2c/12661/b4300db/rialto-gstreamer-12661/tests/mocks/ControlMock.h to ingest queue
2025-08-28 07:00:28,187 - Knowledge - INFO - worker kw3 pull /app/data/b2c/12661/b4300db/rialto-gstreamer-12661/source/MessageQueue.h from ingest queue
2025-08-28 07:00:28,187 - Knowledge - INFO - Thread kw3 - File MessageQueue.h - Remaining files in queue: 50
2025-08-28 07:00:28,187 - Knowledge - INFO - start ingest for /app/data/b2c/12661/b4300db/rialto-gstreamer-12661/source/MessageQueue.h
2025-08-28 07:00:28,188 - Knowledge - INFO - worker kw1 pull /app/data/b2c/12661/b4300db/rialto-gstreamer-12661/source/RialtoGStreamerWebAudioSink.h from ingest queue
2025-08-28 07:00:28,188 - Knowledge - INFO - Thread kw1 - File RialtoGStreamerWebAudioSink.h - Remaining files in queue: 49
2025-08-28 07:00:28,188 - Knowledge - INFO - start ingest for /app/data/b2c/12661/b4300db/rialto-gstreamer-12661/source/RialtoGStreamerWebAudioSink.h
2025-08-28 07:00:28,190 - Knowledge - INFO - worker kw14 pull /app/data/b2c/12661/b4300db/rialto-gstreamer-12661/source/GStreamerUtils.cpp from ingest queue
2025-08-28 07:00:28,190 - Knowledge - INFO - Thread kw14 - File GStreamerUtils.cpp - Remaining files in queue: 48
2025-08-28 07:00:28,191 - Knowledge - INFO - start ingest for /app/data/b2c/12661/b4300db/rialto-gstreamer-12661/source/GStreamerUtils.cpp
2025-08-28 07:00:28,212 - Knowledge - INFO - Found code-base-name: https://github.com/kavia-common/rialto-gstreamer-12661.git:kavia-6.0.0-rc1
2025-08-28 07:00:28,212 - Knowledge - INFO - Found code_base: <app.utils.kg_build.knowledge.KnowledgeCodeBase object at 0x7f4bab5f4bd0>
2025-08-28 07:00:28,213 - Knowledge - INFO - persist ingested knowledge for /app/data/b2c/12661/b4300db/rialto-gstreamer-12661/CMakeLists.txt
2025-08-28 07:00:28,216 - Knowledge - INFO - Found code-base-name: https://github.com/kavia-common/rialto-gstreamer-12661.git:kavia-6.0.0-rc1
2025-08-28 07:00:28,216 - Knowledge - INFO - Found code_base: <app.utils.kg_build.knowledge.KnowledgeCodeBase object at 0x7f4bab5f4bd0>
2025-08-28 07:00:28,216 - Knowledge - INFO - persist ingested knowledge for /app/data/b2c/12661/b4300db/rialto-gstreamer-12661/TERMS.md
2025-08-28 07:00:28,263 - Knowledge - INFO - adding /app/data/b2c/12661/b4300db/rialto-gstreamer-12661/tests/ut/GStreamerUtilsTests.cpp to ingest queue
2025-08-28 07:00:28,274 - Knowledge - INFO - adding /app/data/b2c/12661/b4300db/rialto-gstreamer-12661/tests/mocks/WebAudioPlayerClientMock.h to ingest queue
2025-08-28 07:00:28,285 - Knowledge - INFO - adding /app/data/b2c/12661/b4300db/rialto-gstreamer-12661/tests/mocks/MediaPipelineClientMock.h to ingest queue
2025-08-28 07:00:29,403 - Knowledge - INFO - worker kw8 pull /app/data/b2c/12661/b4300db/rialto-gstreamer-12661/cmake/FindRialto.cmake from ingest queue
2025-08-28 07:00:29,405 - Knowledge - INFO - Thread kw8 - File FindRialto.cmake - Remaining files in queue: 50
2025-08-28 07:00:29,410 - Knowledge - INFO - start ingest for /app/data/b2c/12661/b4300db/rialto-gstreamer-12661/cmake/FindRialto.cmake
2025-08-28 07:00:29,410 - Knowledge - INFO - worker kw2 pull /app/data/b2c/12661/b4300db/rialto-gstreamer-12661/source/GStreamerMSEMediaPlayerClient.cpp from ingest queue
2025-08-28 07:00:29,411 - Knowledge - INFO - Thread kw2 - File GStreamerMSEMediaPlayerClient.cpp - Remaining files in queue: 49
2025-08-28 07:00:29,412 - Knowledge - INFO - adding /app/data/b2c/12661/b4300db/rialto-gstreamer-12661/tests/mocks/CMakeLists.txt to ingest queue
2025-08-28 07:00:29,413 - Knowledge - INFO - start ingest for /app/data/b2c/12661/b4300db/rialto-gstreamer-12661/source/GStreamerMSEMediaPlayerClient.cpp
2025-08-28 07:00:29,413 - Knowledge - INFO - adding /app/data/b2c/12661/b4300db/rialto-gstreamer-12661/tests/ut/CMakeLists.txt to ingest queue
2025-08-28 07:00:29,925 - Knowledge - INFO - worker kw23 pull /app/data/b2c/12661/b4300db/rialto-gstreamer-12661/source/WebAudioClientBackendInterface.h from ingest queue
2025-08-28 07:00:29,925 - Knowledge - INFO - Thread kw23 - File WebAudioClientBackendInterface.h - Remaining files in queue: 50
2025-08-28 07:00:29,926 - Knowledge - INFO - start ingest for /app/data/b2c/12661/b4300db/rialto-gstreamer-12661/source/WebAudioClientBackendInterface.h
2025-08-28 07:00:31,273 - Knowledge - INFO - worker kw9 pull /app/data/b2c/12661/b4300db/rialto-gstreamer-12661/source/MediaPlayerClientBackend.h from ingest queue
2025-08-28 07:00:31,273 - Knowledge - INFO - Thread kw9 - File MediaPlayerClientBackend.h - Remaining files in queue: 49
2025-08-28 07:00:31,278 - Knowledge - INFO - start ingest for /app/data/b2c/12661/b4300db/rialto-gstreamer-12661/source/MediaPlayerClientBackend.h
2025-08-28 07:00:31,318 - Knowledge - INFO - adding /app/data/b2c/12661/b4300db/rialto-gstreamer-12661/build_ut.py to ingest queue
2025-08-28 07:00:31,324 - Knowledge - INFO - adding /app/data/b2c/12661/b4300db/rialto-gstreamer-12661/README.md to ingest queue
2025-08-28 07:00:31,327 - Knowledge - INFO - worker kw24 pull /app/data/b2c/12661/b4300db/rialto-gstreamer-12661/source/GStreamerMSEUtils.h from ingest queue
2025-08-28 07:00:31,327 - Knowledge - INFO - Thread kw24 - File GStreamerMSEUtils.h - Remaining files in queue: 50
2025-08-28 07:00:31,327 - Knowledge - INFO - start ingest for /app/data/b2c/12661/b4300db/rialto-gstreamer-12661/source/GStreamerMSEUtils.h
2025-08-28 07:00:31,378 - Knowledge - INFO - worker kw7 pull /app/data/b2c/12661/b4300db/rialto-gstreamer-12661/source/RialtoGStreamerMSEAudioSink.cpp from ingest queue
2025-08-28 07:00:31,379 - Knowledge - INFO - Thread kw7 - File RialtoGStreamerMSEAudioSink.cpp - Remaining files in queue: 49
2025-08-28 07:00:31,379 - Knowledge - INFO - start ingest for /app/data/b2c/12661/b4300db/rialto-gstreamer-12661/source/RialtoGStreamerMSEAudioSink.cpp
2025-08-28 07:00:31,380 - Knowledge - INFO - adding /app/data/b2c/12661/b4300db/rialto-gstreamer-12661/CHANGELOG.md to ingest queue
2025-08-28 07:00:31,383 - Knowledge - INFO - worker kw6 pull /app/data/b2c/12661/b4300db/rialto-gstreamer-12661/source/ControlBackendInterface.h from ingest queue
2025-08-28 07:00:31,383 - Knowledge - INFO - Thread kw6 - File ControlBackendInterface.h - Remaining files in queue: 49
2025-08-28 07:00:31,383 - Knowledge - INFO - start ingest for /app/data/b2c/12661/b4300db/rialto-gstreamer-12661/source/ControlBackendInterface.h
2025-08-28 07:00:31,395 - Knowledge - INFO - worker kw18 pull /app/data/b2c/12661/b4300db/rialto-gstreamer-12661/source/RialtoGStreamerMSEBaseSink.h from ingest queue
2025-08-28 07:00:31,395 - Knowledge - INFO - Thread kw18 - File RialtoGStreamerMSEBaseSink.h - Remaining files in queue: 48
2025-08-28 07:00:31,395 - Knowledge - INFO - start ingest for /app/data/b2c/12661/b4300db/rialto-gstreamer-12661/source/RialtoGStreamerMSEBaseSink.h
2025-08-28 07:00:31,400 - Knowledge - INFO - worker kw13 pull /app/data/b2c/12661/b4300db/rialto-gstreamer-12661/source/GStreamerMSEMediaPlayerClient.h from ingest queue
2025-08-28 07:00:31,400 - Knowledge - INFO - Thread kw13 - File GStreamerMSEMediaPlayerClient.h - Remaining files in queue: 47
2025-08-28 07:00:31,401 - Knowledge - INFO - start ingest for /app/data/b2c/12661/b4300db/rialto-gstreamer-12661/source/GStreamerMSEMediaPlayerClient.h
2025-08-28 07:00:31,408 - Knowledge - INFO - worker kw20 pull /app/data/b2c/12661/b4300db/rialto-gstreamer-12661/source/GStreamerEMEUtils.h from ingest queue
2025-08-28 07:00:31,408 - Knowledge - INFO - Thread kw20 - File GStreamerEMEUtils.h - Remaining files in queue: 46
2025-08-28 07:00:31,410 - Knowledge - INFO - worker kw5 pull /app/data/b2c/12661/b4300db/rialto-gstreamer-12661/source/Timer.cpp from ingest queue
2025-08-28 07:00:31,410 - Knowledge - INFO - Thread kw5 - File Timer.cpp - Remaining files in queue: 45
2025-08-28 07:00:31,410 - Knowledge - INFO - start ingest for /app/data/b2c/12661/b4300db/rialto-gstreamer-12661/source/Timer.cpp
2025-08-28 07:00:31,476 - Knowledge - INFO - start ingest for /app/data/b2c/12661/b4300db/rialto-gstreamer-12661/source/GStreamerEMEUtils.h
2025-08-28 07:00:31,481 - Knowledge - INFO - worker kw16 pull /app/data/b2c/12661/b4300db/rialto-gstreamer-12661/source/GStreamerUtils.h from ingest queue
2025-08-28 07:00:31,482 - Knowledge - INFO - Thread kw16 - File GStreamerUtils.h - Remaining files in queue: 44
2025-08-28 07:00:31,482 - Knowledge - INFO - start ingest for /app/data/b2c/12661/b4300db/rialto-gstreamer-12661/source/GStreamerUtils.h
2025-08-28 07:00:31,482 - Knowledge - INFO - worker kw25 pull /app/data/b2c/12661/b4300db/rialto-gstreamer-12661/source/CMakeLists.txt from ingest queue
2025-08-28 07:00:31,483 - Knowledge - INFO - Thread kw25 - File CMakeLists.txt - Remaining files in queue: 43
2025-08-28 07:00:31,488 - Knowledge - INFO - worker kw22 pull /app/data/b2c/12661/b4300db/rialto-gstreamer-12661/source/RialtoGStreamerMSEVideoSink.h from ingest queue
2025-08-28 07:00:31,488 - Knowledge - INFO - Thread kw22 - File RialtoGStreamerMSEVideoSink.h - Remaining files in queue: 42
2025-08-28 07:00:31,489 - Knowledge - INFO - start ingest for /app/data/b2c/12661/b4300db/rialto-gstreamer-12661/source/RialtoGStreamerMSEVideoSink.h
2025-08-28 07:00:31,492 - Knowledge - INFO - start ingest for /app/data/b2c/12661/b4300db/rialto-gstreamer-12661/source/CMakeLists.txt
2025-08-28 07:00:31,494 - Knowledge - INFO - worker kw19 pull /app/data/b2c/12661/b4300db/rialto-gstreamer-12661/docs/index.html from ingest queue
2025-08-28 07:00:31,494 - Knowledge - INFO - Thread kw19 - File index.html - Remaining files in queue: 41
2025-08-28 07:00:31,494 - Knowledge - INFO - start ingest for /app/data/b2c/12661/b4300db/rialto-gstreamer-12661/docs/index.html
2025-08-28 07:00:31,500 - Knowledge - INFO - adding /app/data/b2c/12661/b4300db/rialto-gstreamer-12661/tests/mocks/WebAudioPlayerMock.h to ingest queue
2025-08-28 07:00:31,505 - Knowledge - INFO - Fast-track processing for simple file: /app/data/b2c/12661/b4300db/rialto-gstreamer-12661/source/CMakeLists.txt
2025-08-28 07:00:31,505 - Knowledge - INFO - done fast ingest for /app/data/b2c/12661/b4300db/rialto-gstreamer-12661/source/CMakeLists.txt
2025-08-28 07:00:31,505 - Knowledge - INFO - process ingested knowledge for /app/data/b2c/12661/b4300db/rialto-gstreamer-12661/source/CMakeLists.txt
2025-08-28 07:00:31,505 - Knowledge - INFO - Found code-base-name: https://github.com/kavia-common/rialto-gstreamer-12661.git:kavia-6.0.0-rc1
2025-08-28 07:00:31,505 - Knowledge - INFO - Found code_base: <app.utils.kg_build.knowledge.KnowledgeCodeBase object at 0x7f4bab5f4bd0>
2025-08-28 07:00:31,505 - Knowledge - INFO - persist ingested knowledge for /app/data/b2c/12661/b4300db/rialto-gstreamer-12661/source/CMakeLists.txt
2025-08-28 07:00:32,416 - Knowledge - INFO - worker kw11 pull /app/data/b2c/12661/b4300db/rialto-gstreamer-12661/source/RialtoGStreamerMSEBaseSink.cpp from ingest queue
2025-08-28 07:00:32,416 - Knowledge - INFO - Thread kw11 - File RialtoGStreamerMSEBaseSink.cpp - Remaining files in queue: 41
2025-08-28 07:00:32,417 - Knowledge - INFO - start ingest for /app/data/b2c/12661/b4300db/rialto-gstreamer-12661/source/RialtoGStreamerMSEBaseSink.cpp
2025-08-28 07:00:32,420 - Knowledge - INFO - worker kw25 pull /app/data/b2c/12661/b4300db/rialto-gstreamer-12661/source/RialtoGSteamerPlugin.cpp from ingest queue
2025-08-28 07:00:32,420 - Knowledge - INFO - Thread kw25 - File RialtoGSteamerPlugin.cpp - Remaining files in queue: 40
2025-08-28 07:00:32,421 - Knowledge - INFO - start ingest for /app/data/b2c/12661/b4300db/rialto-gstreamer-12661/source/RialtoGSteamerPlugin.cpp
2025-08-28 07:00:43,070 - Knowledge - INFO - done ingest for /app/data/b2c/12661/b4300db/rialto-gstreamer-12661/cmake/googletest.cmake
2025-08-28 07:00:43,070 - Knowledge - INFO - process ingested knowledge for /app/data/b2c/12661/b4300db/rialto-gstreamer-12661/cmake/googletest.cmake
2025-08-28 07:00:43,070 - Knowledge - INFO - Found code-base-name: https://github.com/kavia-common/rialto-gstreamer-12661.git:kavia-6.0.0-rc1
2025-08-28 07:00:43,070 - Knowledge - INFO - Found code_base: <app.utils.kg_build.knowledge.KnowledgeCodeBase object at 0x7f4bab5f4bd0>
2025-08-28 07:00:43,070 - Knowledge - INFO - persist ingested knowledge for /app/data/b2c/12661/b4300db/rialto-gstreamer-12661/cmake/googletest.cmake
2025-08-28 07:00:43,663 - Knowledge - INFO - worker kw15 pull /app/data/b2c/12661/b4300db/rialto-gstreamer-12661/source/MediaPlayerManager.cpp from ingest queue
2025-08-28 07:00:43,663 - Knowledge - INFO - Thread kw15 - File MediaPlayerManager.cpp - Remaining files in queue: 39
2025-08-28 07:00:43,664 - Knowledge - INFO - start ingest for /app/data/b2c/12661/b4300db/rialto-gstreamer-12661/source/MediaPlayerManager.cpp
2025-08-28 07:00:51,136 - Knowledge - INFO - done ingest for /app/data/b2c/12661/b4300db/rialto-gstreamer-12661/cmake/FindRialto.cmake
2025-08-28 07:00:51,166 - Knowledge - INFO - process ingested knowledge for /app/data/b2c/12661/b4300db/rialto-gstreamer-12661/cmake/FindRialto.cmake
2025-08-28 07:00:51,168 - Knowledge - INFO - Found code-base-name: https://github.com/kavia-common/rialto-gstreamer-12661.git:kavia-6.0.0-rc1
2025-08-28 07:00:51,169 - Knowledge - INFO - Found code_base: <app.utils.kg_build.knowledge.KnowledgeCodeBase object at 0x7f4bab5f4bd0>
2025-08-28 07:00:51,170 - Knowledge - INFO - persist ingested knowledge for /app/data/b2c/12661/b4300db/rialto-gstreamer-12661/cmake/FindRialto.cmake
2025-08-28 07:00:51,884 - Knowledge - INFO - worker kw8 pull /app/data/b2c/12661/b4300db/rialto-gstreamer-12661/source/GStreamerWebAudioPlayerClient.h from ingest queue
2025-08-28 07:00:51,884 - Knowledge - INFO - Thread kw8 - File GStreamerWebAudioPlayerClient.h - Remaining files in queue: 38
2025-08-28 07:00:51,884 - Knowledge - INFO - start ingest for /app/data/b2c/12661/b4300db/rialto-gstreamer-12661/source/GStreamerWebAudioPlayerClient.h
2025-08-28 07:00:55,386 - Knowledge - INFO - done ingest for /app/data/b2c/12661/b4300db/rialto-gstreamer-12661/docs/index.html
2025-08-28 07:00:55,386 - Knowledge - INFO - process ingested knowledge for /app/data/b2c/12661/b4300db/rialto-gstreamer-12661/docs/index.html
2025-08-28 07:00:55,386 - Knowledge - INFO - Found code-base-name: https://github.com/kavia-common/rialto-gstreamer-12661.git:kavia-6.0.0-rc1
2025-08-28 07:00:55,387 - Knowledge - INFO - Found code_base: <app.utils.kg_build.knowledge.KnowledgeCodeBase object at 0x7f4bab5f4bd0>
2025-08-28 07:00:55,387 - Knowledge - INFO - persist ingested knowledge for /app/data/b2c/12661/b4300db/rialto-gstreamer-12661/docs/index.html
2025-08-28 07:00:56,367 - Knowledge - INFO - worker kw19 pull /app/data/b2c/12661/b4300db/rialto-gstreamer-12661/source/GStreamerMSEUtils.cpp from ingest queue
2025-08-28 07:00:56,367 - Knowledge - INFO - Thread kw19 - File GStreamerMSEUtils.cpp - Remaining files in queue: 37
2025-08-28 07:00:56,367 - Knowledge - INFO - start ingest for /app/data/b2c/12661/b4300db/rialto-gstreamer-12661/source/GStreamerMSEUtils.cpp
2025-08-28 07:02:21,270 - Knowledge - INFO - done ingest for /app/data/b2c/12661/b4300db/rialto-gstreamer-12661/source/GStreamerMSEUtils.h
2025-08-28 07:02:21,386 - Knowledge - INFO - process ingested knowledge for /app/data/b2c/12661/b4300db/rialto-gstreamer-12661/source/GStreamerMSEUtils.h
2025-08-28 07:02:21,387 - Knowledge - INFO - Found code-base-name: https://github.com/kavia-common/rialto-gstreamer-12661.git:kavia-6.0.0-rc1
2025-08-28 07:02:21,387 - Knowledge - INFO - Found code_base: <app.utils.kg_build.knowledge.KnowledgeCodeBase object at 0x7f4bab5f4bd0>
2025-08-28 07:02:21,387 - Knowledge - INFO - persist ingested knowledge for /app/data/b2c/12661/b4300db/rialto-gstreamer-12661/source/GStreamerMSEUtils.h
2025-08-28 07:02:24,123 - Knowledge - INFO - persist search terms embedding for source/GStreamerMSEUtils.h
2025-08-28 07:02:24,196 - Knowledge - INFO - worker kw24 pull /app/data/b2c/12661/b4300db/rialto-gstreamer-12661/source/RialtoGStreamerMSEVideoSinkPrivate.h from ingest queue
2025-08-28 07:02:24,196 - Knowledge - INFO - Thread kw24 - File RialtoGStreamerMSEVideoSinkPrivate.h - Remaining files in queue: 36
2025-08-28 07:02:24,196 - Knowledge - INFO - start ingest for /app/data/b2c/12661/b4300db/rialto-gstreamer-12661/source/RialtoGStreamerMSEVideoSinkPrivate.h
2025-08-28 07:02:28,570 - Knowledge - INFO - done ingest for /app/data/b2c/12661/b4300db/rialto-gstreamer-12661/cmake/FindocdmRialto.cmake
2025-08-28 07:02:28,572 - Knowledge - INFO - process ingested knowledge for /app/data/b2c/12661/b4300db/rialto-gstreamer-12661/cmake/FindocdmRialto.cmake
2025-08-28 07:02:28,572 - Knowledge - INFO - Found code-base-name: https://github.com/kavia-common/rialto-gstreamer-12661.git:kavia-6.0.0-rc1
2025-08-28 07:02:28,572 - Knowledge - INFO - Found code_base: <app.utils.kg_build.knowledge.KnowledgeCodeBase object at 0x7f4bab5f4bd0>
2025-08-28 07:02:28,572 - Knowledge - INFO - persist ingested knowledge for /app/data/b2c/12661/b4300db/rialto-gstreamer-12661/cmake/FindocdmRialto.cmake
2025-08-28 07:02:30,308 - Knowledge - INFO - persist search terms embedding for cmake/FindocdmRialto.cmake
2025-08-28 07:02:30,321 - Knowledge - INFO - worker kw21 pull /app/data/b2c/12661/b4300db/rialto-gstreamer-12661/tests/third-party/source/ControlFactory.cpp from ingest queue
2025-08-28 07:02:30,324 - Knowledge - INFO - Thread kw21 - File ControlFactory.cpp - Remaining files in queue: 35
2025-08-28 07:02:30,331 - Knowledge - INFO - start ingest for /app/data/b2c/12661/b4300db/rialto-gstreamer-12661/tests/third-party/source/ControlFactory.cpp
2025-08-28 07:02:32,114 - Knowledge - INFO - done ingest for /app/data/b2c/12661/b4300db/rialto-gstreamer-12661/source/GStreamerEMEUtils.h
2025-08-28 07:02:32,292 - Knowledge - INFO - process ingested knowledge for /app/data/b2c/12661/b4300db/rialto-gstreamer-12661/source/GStreamerEMEUtils.h
2025-08-28 07:02:32,292 - Knowledge - INFO - Found code-base-name: https://github.com/kavia-common/rialto-gstreamer-12661.git:kavia-6.0.0-rc1
2025-08-28 07:02:32,292 - Knowledge - INFO - Found code_base: <app.utils.kg_build.knowledge.KnowledgeCodeBase object at 0x7f4bab5f4bd0>
2025-08-28 07:02:32,292 - Knowledge - INFO - persist ingested knowledge for /app/data/b2c/12661/b4300db/rialto-gstreamer-12661/source/GStreamerEMEUtils.h
2025-08-28 07:02:33,871 - Knowledge - INFO - persist search terms embedding for source/GStreamerEMEUtils.h
2025-08-28 07:02:33,880 - Knowledge - INFO - worker kw20 pull /app/data/b2c/12661/b4300db/rialto-gstreamer-12661/source/GStreamerEMEUtils.cpp from ingest queue
2025-08-28 07:02:33,880 - Knowledge - INFO - Thread kw20 - File GStreamerEMEUtils.cpp - Remaining files in queue: 34
2025-08-28 07:02:33,881 - Knowledge - INFO - start ingest for /app/data/b2c/12661/b4300db/rialto-gstreamer-12661/source/GStreamerEMEUtils.cpp
2025-08-28 07:02:34,570 - Knowledge - INFO - done ingest for /app/data/b2c/12661/b4300db/rialto-gstreamer-12661/scripts/clang-format/process_clang-format_errors.py
2025-08-28 07:02:34,700 - Knowledge - INFO - process ingested knowledge for /app/data/b2c/12661/b4300db/rialto-gstreamer-12661/scripts/clang-format/process_clang-format_errors.py
2025-08-28 07:02:34,701 - Knowledge - INFO - Found code-base-name: https://github.com/kavia-common/rialto-gstreamer-12661.git:kavia-6.0.0-rc1
2025-08-28 07:02:34,701 - Knowledge - INFO - Found code_base: <app.utils.kg_build.knowledge.KnowledgeCodeBase object at 0x7f4bab5f4bd0>
2025-08-28 07:02:34,701 - Knowledge - INFO - persist ingested knowledge for /app/data/b2c/12661/b4300db/rialto-gstreamer-12661/scripts/clang-format/process_clang-format_errors.py
2025-08-28 07:02:36,485 - Knowledge - INFO - persist search terms embedding for scripts/clang-format/process_clang-format_errors.py
2025-08-28 07:02:36,494 - Knowledge - INFO - worker kw17 pull /app/data/b2c/12661/b4300db/rialto-gstreamer-12661/source/Timer.h from ingest queue
2025-08-28 07:02:36,494 - Knowledge - INFO - Thread kw17 - File Timer.h - Remaining files in queue: 33
2025-08-28 07:02:36,494 - Knowledge - INFO - start ingest for /app/data/b2c/12661/b4300db/rialto-gstreamer-12661/source/Timer.h
2025-08-28 07:02:45,970 - Knowledge - INFO - done ingest for /app/data/b2c/12661/b4300db/rialto-gstreamer-12661/source/ControlBackendInterface.h
2025-08-28 07:02:46,142 - Knowledge - INFO - process ingested knowledge for /app/data/b2c/12661/b4300db/rialto-gstreamer-12661/source/ControlBackendInterface.h
2025-08-28 07:02:46,143 - Knowledge - INFO - Found code-base-name: https://github.com/kavia-common/rialto-gstreamer-12661.git:kavia-6.0.0-rc1
2025-08-28 07:02:46,143 - Knowledge - INFO - Found code_base: <app.utils.kg_build.knowledge.KnowledgeCodeBase object at 0x7f4bab5f4bd0>
2025-08-28 07:02:46,165 - Knowledge - INFO - persist ingested knowledge for /app/data/b2c/12661/b4300db/rialto-gstreamer-12661/source/ControlBackendInterface.h
2025-08-28 07:02:47,874 - Knowledge - INFO - persist search terms embedding for source/ControlBackendInterface.h
2025-08-28 07:02:47,990 - Knowledge - INFO - worker kw6 pull /app/data/b2c/12661/b4300db/rialto-gstreamer-12661/source/WebAudioClientBackend.h from ingest queue
2025-08-28 07:02:47,990 - Knowledge - INFO - Thread kw6 - File WebAudioClientBackend.h - Remaining files in queue: 32
2025-08-28 07:02:47,991 - Knowledge - INFO - start ingest for /app/data/b2c/12661/b4300db/rialto-gstreamer-12661/source/WebAudioClientBackend.h
2025-08-28 07:02:58,794 - Knowledge - INFO - done ingest for /app/data/b2c/12661/b4300db/rialto-gstreamer-12661/source/RialtoGSteamerPlugin.cpp
2025-08-28 07:02:58,975 - Knowledge - INFO - process ingested knowledge for /app/data/b2c/12661/b4300db/rialto-gstreamer-12661/source/RialtoGSteamerPlugin.cpp
2025-08-28 07:02:58,976 - Knowledge - INFO - Found code-base-name: https://github.com/kavia-common/rialto-gstreamer-12661.git:kavia-6.0.0-rc1
2025-08-28 07:02:58,976 - Knowledge - INFO - Found code_base: <app.utils.kg_build.knowledge.KnowledgeCodeBase object at 0x7f4bab5f4bd0>
2025-08-28 07:02:58,976 - Knowledge - INFO - persist ingested knowledge for /app/data/b2c/12661/b4300db/rialto-gstreamer-12661/source/RialtoGSteamerPlugin.cpp
2025-08-28 07:03:00,602 - Knowledge - INFO - persist search terms embedding for source/RialtoGSteamerPlugin.cpp
2025-08-28 07:03:00,666 - Knowledge - INFO - worker kw25 pull /app/data/b2c/12661/b4300db/rialto-gstreamer-12661/source/MediaPlayerManager.h from ingest queue
2025-08-28 07:03:00,666 - Knowledge - INFO - Thread kw25 - File MediaPlayerManager.h - Remaining files in queue: 31
2025-08-28 07:03:00,667 - Knowledge - INFO - start ingest for /app/data/b2c/12661/b4300db/rialto-gstreamer-12661/source/MediaPlayerManager.h
2025-08-28 07:03:05,998 - Knowledge - INFO - done ingest for /app/data/b2c/12661/b4300db/rialto-gstreamer-12661/scripts/valgrind/process_valgrind_results.py
2025-08-28 07:03:06,203 - Knowledge - INFO - process ingested knowledge for /app/data/b2c/12661/b4300db/rialto-gstreamer-12661/scripts/valgrind/process_valgrind_results.py
2025-08-28 07:03:06,203 - Knowledge - INFO - Found code-base-name: https://github.com/kavia-common/rialto-gstreamer-12661.git:kavia-6.0.0-rc1
2025-08-28 07:03:06,204 - Knowledge - INFO - Found code_base: <app.utils.kg_build.knowledge.KnowledgeCodeBase object at 0x7f4bab5f4bd0>
2025-08-28 07:03:06,204 - Knowledge - INFO - persist ingested knowledge for /app/data/b2c/12661/b4300db/rialto-gstreamer-12661/scripts/valgrind/process_valgrind_results.py
2025-08-28 07:03:08,071 - Knowledge - INFO - persist search terms embedding for scripts/valgrind/process_valgrind_results.py
2025-08-28 07:03:08,071 - Knowledge - INFO - worker kw12 pull /app/data/b2c/12661/b4300db/rialto-gstreamer-12661/source/MediaPlayerClientBackendInterface.h from ingest queue
2025-08-28 07:03:08,071 - Knowledge - INFO - Thread kw12 - File MediaPlayerClientBackendInterface.h - Remaining files in queue: 30
2025-08-28 07:03:08,072 - Knowledge - INFO - start ingest for /app/data/b2c/12661/b4300db/rialto-gstreamer-12661/source/MediaPlayerClientBackendInterface.h
2025-08-28 07:03:25,292 - Knowledge - INFO - done ingest for /app/data/b2c/12661/b4300db/rialto-gstreamer-12661/source/RialtoGStreamerMSEBaseSinkCallbacks.h
2025-08-28 07:03:25,674 - Knowledge - INFO - process ingested knowledge for /app/data/b2c/12661/b4300db/rialto-gstreamer-12661/source/RialtoGStreamerMSEBaseSinkCallbacks.h
2025-08-28 07:03:25,675 - Knowledge - INFO - Found code-base-name: https://github.com/kavia-common/rialto-gstreamer-12661.git:kavia-6.0.0-rc1
2025-08-28 07:03:25,675 - Knowledge - INFO - Found code_base: <app.utils.kg_build.knowledge.KnowledgeCodeBase object at 0x7f4bab5f4bd0>
2025-08-28 07:03:25,676 - Knowledge - INFO - persist ingested knowledge for /app/data/b2c/12661/b4300db/rialto-gstreamer-12661/source/RialtoGStreamerMSEBaseSinkCallbacks.h
2025-08-28 07:03:26,113 - Knowledge - INFO - done ingest for /app/data/b2c/12661/b4300db/rialto-gstreamer-12661/source/GStreamerUtils.h
2025-08-28 07:03:26,286 - Knowledge - INFO - process ingested knowledge for /app/data/b2c/12661/b4300db/rialto-gstreamer-12661/source/GStreamerUtils.h
2025-08-28 07:03:27,894 - Knowledge - INFO - persist search terms embedding for source/RialtoGStreamerMSEBaseSinkCallbacks.h
2025-08-28 07:03:27,909 - Knowledge - INFO - Found code-base-name: https://github.com/kavia-common/rialto-gstreamer-12661.git:kavia-6.0.0-rc1
2025-08-28 07:03:27,909 - Knowledge - INFO - Found code_base: <app.utils.kg_build.knowledge.KnowledgeCodeBase object at 0x7f4bab5f4bd0>
2025-08-28 07:03:27,909 - Knowledge - INFO - persist ingested knowledge for /app/data/b2c/12661/b4300db/rialto-gstreamer-12661/source/GStreamerUtils.h
2025-08-28 07:03:29,619 - Knowledge - INFO - done ingest for /app/data/b2c/12661/b4300db/rialto-gstreamer-12661/source/GStreamerMSEUtils.cpp
2025-08-28 07:03:29,787 - Knowledge - INFO - process ingested knowledge for /app/data/b2c/12661/b4300db/rialto-gstreamer-12661/source/GStreamerMSEUtils.cpp
2025-08-28 07:03:30,090 - Knowledge - INFO - persist search terms embedding for source/GStreamerUtils.h
2025-08-28 07:03:30,105 - Knowledge - INFO - worker kw10 pull /app/data/b2c/12661/b4300db/rialto-gstreamer-12661/source/RialtoGStreamerMSEAudioSink.h from ingest queue
2025-08-28 07:03:30,105 - Knowledge - INFO - Thread kw10 - File RialtoGStreamerMSEAudioSink.h - Remaining files in queue: 29
2025-08-28 07:03:30,105 - Knowledge - INFO - start ingest for /app/data/b2c/12661/b4300db/rialto-gstreamer-12661/source/RialtoGStreamerMSEAudioSink.h
2025-08-28 07:03:30,117 - Knowledge - INFO - Found code-base-name: https://github.com/kavia-common/rialto-gstreamer-12661.git:kavia-6.0.0-rc1
2025-08-28 07:03:30,118 - Knowledge - INFO - Found code_base: <app.utils.kg_build.knowledge.KnowledgeCodeBase object at 0x7f4bab5f4bd0>
2025-08-28 07:03:30,118 - Knowledge - INFO - persist ingested knowledge for /app/data/b2c/12661/b4300db/rialto-gstreamer-12661/source/GStreamerMSEUtils.cpp
2025-08-28 07:03:30,193 - Knowledge - INFO - worker kw16 pull /app/data/b2c/12661/b4300db/rialto-gstreamer-12661/source/GStreamerWebAudioPlayerClient.cpp from ingest queue
2025-08-28 07:03:30,194 - Knowledge - INFO - Thread kw16 - File GStreamerWebAudioPlayerClient.cpp - Remaining files in queue: 28
2025-08-28 07:03:30,194 - Knowledge - INFO - start ingest for /app/data/b2c/12661/b4300db/rialto-gstreamer-12661/source/GStreamerWebAudioPlayerClient.cpp
2025-08-28 07:03:31,902 - Knowledge - INFO - persist search terms embedding for source/GStreamerMSEUtils.cpp
2025-08-28 07:03:31,903 - Knowledge - INFO - worker kw19 pull /app/data/b2c/12661/b4300db/rialto-gstreamer-12661/source/ControlBackend.h from ingest queue
2025-08-28 07:03:31,903 - Knowledge - INFO - Thread kw19 - File ControlBackend.h - Remaining files in queue: 27
2025-08-28 07:03:31,905 - Knowledge - INFO - start ingest for /app/data/b2c/12661/b4300db/rialto-gstreamer-12661/source/ControlBackend.h
2025-08-28 07:03:44,575 - Knowledge - INFO - done ingest for /app/data/b2c/12661/b4300db/rialto-gstreamer-12661/source/GStreamerUtils.cpp
2025-08-28 07:03:44,777 - Knowledge - INFO - process ingested knowledge for /app/data/b2c/12661/b4300db/rialto-gstreamer-12661/source/GStreamerUtils.cpp
2025-08-28 07:03:44,777 - Knowledge - INFO - Found code-base-name: https://github.com/kavia-common/rialto-gstreamer-12661.git:kavia-6.0.0-rc1
2025-08-28 07:03:44,777 - Knowledge - INFO - Found code_base: <app.utils.kg_build.knowledge.KnowledgeCodeBase object at 0x7f4bab5f4bd0>
2025-08-28 07:03:44,777 - Knowledge - INFO - persist ingested knowledge for /app/data/b2c/12661/b4300db/rialto-gstreamer-12661/source/GStreamerUtils.cpp
2025-08-28 07:03:46,779 - Knowledge - INFO - persist search terms embedding for source/GStreamerUtils.cpp
2025-08-28 07:03:46,800 - Knowledge - INFO - worker kw14 pull /app/data/b2c/12661/b4300db/rialto-gstreamer-12661/tests/third-party/source/WebAudioPlayerFactory.cpp from ingest queue
2025-08-28 07:03:46,800 - Knowledge - INFO - Thread kw14 - File WebAudioPlayerFactory.cpp - Remaining files in queue: 26
2025-08-28 07:03:46,800 - Knowledge - INFO - start ingest for /app/data/b2c/12661/b4300db/rialto-gstreamer-12661/tests/third-party/source/WebAudioPlayerFactory.cpp
2025-08-28 07:03:54,865 - Knowledge - INFO - done ingest for /app/data/b2c/12661/b4300db/rialto-gstreamer-12661/source/RialtoGStreamerMSEVideoSinkPrivate.h
2025-08-28 07:03:54,975 - Knowledge - INFO - process ingested knowledge for /app/data/b2c/12661/b4300db/rialto-gstreamer-12661/source/RialtoGStreamerMSEVideoSinkPrivate.h
2025-08-28 07:03:54,976 - Knowledge - INFO - Found code-base-name: https://github.com/kavia-common/rialto-gstreamer-12661.git:kavia-6.0.0-rc1
2025-08-28 07:03:54,976 - Knowledge - INFO - Found code_base: <app.utils.kg_build.knowledge.KnowledgeCodeBase object at 0x7f4bab5f4bd0>
2025-08-28 07:03:54,976 - Knowledge - INFO - persist ingested knowledge for /app/data/b2c/12661/b4300db/rialto-gstreamer-12661/source/RialtoGStreamerMSEVideoSinkPrivate.h
2025-08-28 07:03:56,914 - Knowledge - INFO - persist search terms embedding for source/RialtoGStreamerMSEVideoSinkPrivate.h
2025-08-28 07:03:56,970 - Knowledge - INFO - worker kw24 pull /app/data/b2c/12661/b4300db/rialto-gstreamer-12661/cppcheck_suppressions.xml from ingest queue
2025-08-28 07:03:56,971 - Knowledge - INFO - Thread kw24 - File cppcheck_suppressions.xml - Remaining files in queue: 25
2025-08-28 07:03:56,972 - Knowledge - INFO - start ingest for /app/data/b2c/12661/b4300db/rialto-gstreamer-12661/cppcheck_suppressions.xml
2025-08-28 07:03:57,000 - Knowledge - INFO - Fast-track processing for simple file: /app/data/b2c/12661/b4300db/rialto-gstreamer-12661/cppcheck_suppressions.xml
2025-08-28 07:03:57,000 - Knowledge - INFO - done fast ingest for /app/data/b2c/12661/b4300db/rialto-gstreamer-12661/cppcheck_suppressions.xml
2025-08-28 07:03:57,000 - Knowledge - INFO - process ingested knowledge for /app/data/b2c/12661/b4300db/rialto-gstreamer-12661/cppcheck_suppressions.xml
2025-08-28 07:03:57,001 - Knowledge - INFO - Found code-base-name: https://github.com/kavia-common/rialto-gstreamer-12661.git:kavia-6.0.0-rc1
2025-08-28 07:03:57,001 - Knowledge - INFO - Found code_base: <app.utils.kg_build.knowledge.KnowledgeCodeBase object at 0x7f4bab5f4bd0>
2025-08-28 07:03:57,001 - Knowledge - INFO - persist ingested knowledge for /app/data/b2c/12661/b4300db/rialto-gstreamer-12661/cppcheck_suppressions.xml
2025-08-28 07:03:57,668 - Knowledge - INFO - worker kw24 pull /app/data/b2c/12661/b4300db/rialto-gstreamer-12661/tests/ut/MediaPlayerClientBackendTests.cpp from ingest queue
2025-08-28 07:03:57,668 - Knowledge - INFO - Thread kw24 - File MediaPlayerClientBackendTests.cpp - Remaining files in queue: 24
2025-08-28 07:03:57,668 - Knowledge - INFO - start ingest for /app/data/b2c/12661/b4300db/rialto-gstreamer-12661/tests/ut/MediaPlayerClientBackendTests.cpp
2025-08-28 07:04:17,280 - Knowledge - INFO - done ingest for /app/data/b2c/12661/b4300db/rialto-gstreamer-12661/source/WebAudioClientBackendInterface.h
2025-08-28 07:04:17,607 - Knowledge - INFO - process ingested knowledge for /app/data/b2c/12661/b4300db/rialto-gstreamer-12661/source/WebAudioClientBackendInterface.h
2025-08-28 07:04:17,608 - Knowledge - INFO - Found code-base-name: https://github.com/kavia-common/rialto-gstreamer-12661.git:kavia-6.0.0-rc1
2025-08-28 07:04:17,608 - Knowledge - INFO - Found code_base: <app.utils.kg_build.knowledge.KnowledgeCodeBase object at 0x7f4bab5f4bd0>
2025-08-28 07:04:17,608 - Knowledge - INFO - persist ingested knowledge for /app/data/b2c/12661/b4300db/rialto-gstreamer-12661/source/WebAudioClientBackendInterface.h
2025-08-28 07:04:19,793 - Knowledge - INFO - persist search terms embedding for source/WebAudioClientBackendInterface.h
2025-08-28 07:04:19,793 - Knowledge - INFO - worker kw23 pull /app/data/b2c/12661/b4300db/rialto-gstreamer-12661/source/RialtoGStreamerMSEBaseSinkPrivate.h from ingest queue
2025-08-28 07:04:19,793 - Knowledge - INFO - Thread kw23 - File RialtoGStreamerMSEBaseSinkPrivate.h - Remaining files in queue: 23
2025-08-28 07:04:19,794 - Knowledge - INFO - start ingest for /app/data/b2c/12661/b4300db/rialto-gstreamer-12661/source/RialtoGStreamerMSEBaseSinkPrivate.h
2025-08-28 07:04:20,202 - Knowledge - INFO - done ingest for /app/data/b2c/12661/b4300db/rialto-gstreamer-12661/source/RialtoGStreamerMSEVideoSink.h
2025-08-28 07:04:20,302 - Knowledge - INFO - process ingested knowledge for /app/data/b2c/12661/b4300db/rialto-gstreamer-12661/source/RialtoGStreamerMSEVideoSink.h
2025-08-28 07:04:20,303 - Knowledge - INFO - Found code-base-name: https://github.com/kavia-common/rialto-gstreamer-12661.git:kavia-6.0.0-rc1
2025-08-28 07:04:20,303 - Knowledge - INFO - Found code_base: <app.utils.kg_build.knowledge.KnowledgeCodeBase object at 0x7f4bab5f4bd0>
2025-08-28 07:04:20,303 - Knowledge - INFO - persist ingested knowledge for /app/data/b2c/12661/b4300db/rialto-gstreamer-12661/source/RialtoGStreamerMSEVideoSink.h
2025-08-28 07:04:22,417 - Knowledge - INFO - persist search terms embedding for source/RialtoGStreamerMSEVideoSink.h
2025-08-28 07:04:22,420 - Knowledge - INFO - worker kw22 pull /app/data/b2c/12661/b4300db/rialto-gstreamer-12661/tests/ut/ControlBackendTests.cpp from ingest queue
2025-08-28 07:04:22,420 - Knowledge - INFO - Thread kw22 - File ControlBackendTests.cpp - Remaining files in queue: 22
2025-08-28 07:04:22,420 - Knowledge - INFO - start ingest for /app/data/b2c/12661/b4300db/rialto-gstreamer-12661/tests/ut/ControlBackendTests.cpp
2025-08-28 07:04:35,018 - Knowledge - INFO - done ingest for /app/data/b2c/12661/b4300db/rialto-gstreamer-12661/tests/third-party/source/ControlFactory.cpp
2025-08-28 07:04:35,169 - Knowledge - INFO - process ingested knowledge for /app/data/b2c/12661/b4300db/rialto-gstreamer-12661/tests/third-party/source/ControlFactory.cpp
2025-08-28 07:04:35,169 - Knowledge - INFO - Found code-base-name: https://github.com/kavia-common/rialto-gstreamer-12661.git:kavia-6.0.0-rc1
2025-08-28 07:04:35,169 - Knowledge - INFO - Found code_base: <app.utils.kg_build.knowledge.KnowledgeCodeBase object at 0x7f4bab5f4bd0>
2025-08-28 07:04:35,169 - Knowledge - INFO - persist ingested knowledge for /app/data/b2c/12661/b4300db/rialto-gstreamer-12661/tests/third-party/source/ControlFactory.cpp
2025-08-28 07:04:37,070 - Knowledge - INFO - persist search terms embedding for tests/third-party/source/ControlFactory.cpp
2025-08-28 07:04:37,073 - Knowledge - INFO - worker kw21 pull /app/data/b2c/12661/b4300db/rialto-gstreamer-12661/tests/mocks/MediaPipelineCapabilitiesMock.h from ingest queue
2025-08-28 07:04:37,073 - Knowledge - INFO - Thread kw21 - File MediaPipelineCapabilitiesMock.h - Remaining files in queue: 21
2025-08-28 07:04:37,073 - Knowledge - INFO - start ingest for /app/data/b2c/12661/b4300db/rialto-gstreamer-12661/tests/mocks/MediaPipelineCapabilitiesMock.h
2025-08-28 07:04:50,109 - Knowledge - INFO - done ingest for /app/data/b2c/12661/b4300db/rialto-gstreamer-12661/source/RialtoGStreamerWebAudioSink.h
2025-08-28 07:04:50,401 - Knowledge - INFO - process ingested knowledge for /app/data/b2c/12661/b4300db/rialto-gstreamer-12661/source/RialtoGStreamerWebAudioSink.h
2025-08-28 07:04:50,401 - Knowledge - INFO - Found code-base-name: https://github.com/kavia-common/rialto-gstreamer-12661.git:kavia-6.0.0-rc1
2025-08-28 07:04:50,401 - Knowledge - INFO - Found code_base: <app.utils.kg_build.knowledge.KnowledgeCodeBase object at 0x7f4bab5f4bd0>
2025-08-28 07:04:50,401 - Knowledge - INFO - persist ingested knowledge for /app/data/b2c/12661/b4300db/rialto-gstreamer-12661/source/RialtoGStreamerWebAudioSink.h
2025-08-28 07:04:52,426 - Knowledge - INFO - persist search terms embedding for source/RialtoGStreamerWebAudioSink.h
2025-08-28 07:04:52,472 - Knowledge - INFO - worker kw1 pull /app/data/b2c/12661/b4300db/rialto-gstreamer-12661/tests/third-party/source/MediaPipelineFactory.cpp from ingest queue
2025-08-28 07:04:52,473 - Knowledge - INFO - Thread kw1 - File MediaPipelineFactory.cpp - Remaining files in queue: 20
2025-08-28 07:04:52,473 - Knowledge - INFO - start ingest for /app/data/b2c/12661/b4300db/rialto-gstreamer-12661/tests/third-party/source/MediaPipelineFactory.cpp
2025-08-28 07:05:03,188 - Knowledge - INFO - done ingest for /app/data/b2c/12661/b4300db/rialto-gstreamer-12661/source/BufferParser.cpp
2025-08-28 07:05:03,405 - Knowledge - INFO - process ingested knowledge for /app/data/b2c/12661/b4300db/rialto-gstreamer-12661/source/BufferParser.cpp
2025-08-28 07:05:03,405 - Knowledge - INFO - Found code-base-name: https://github.com/kavia-common/rialto-gstreamer-12661.git:kavia-6.0.0-rc1
2025-08-28 07:05:03,407 - Knowledge - INFO - Found code_base: <app.utils.kg_build.knowledge.KnowledgeCodeBase object at 0x7f4bab5f4bd0>
2025-08-28 07:05:03,409 - Knowledge - INFO - persist ingested knowledge for /app/data/b2c/12661/b4300db/rialto-gstreamer-12661/source/BufferParser.cpp
2025-08-28 07:05:05,791 - Knowledge - INFO - persist search terms embedding for source/BufferParser.cpp
2025-08-28 07:05:05,793 - Knowledge - INFO - worker kw4 pull /app/data/b2c/12661/b4300db/rialto-gstreamer-12661/tests/third-party/source/MediaPipelineCapabilitiesFactory.cpp from ingest queue
2025-08-28 07:05:05,794 - Knowledge - INFO - Thread kw4 - File MediaPipelineCapabilitiesFactory.cpp - Remaining files in queue: 19
2025-08-28 07:05:05,794 - Knowledge - INFO - start ingest for /app/data/b2c/12661/b4300db/rialto-gstreamer-12661/tests/third-party/source/MediaPipelineCapabilitiesFactory.cpp
2025-08-28 07:05:11,891 - Knowledge - INFO - done ingest for /app/data/b2c/12661/b4300db/rialto-gstreamer-12661/source/Timer.cpp
2025-08-28 07:05:12,418 - Knowledge - INFO - process ingested knowledge for /app/data/b2c/12661/b4300db/rialto-gstreamer-12661/source/Timer.cpp
2025-08-28 07:05:12,419 - Knowledge - INFO - Found code-base-name: https://github.com/kavia-common/rialto-gstreamer-12661.git:kavia-6.0.0-rc1
2025-08-28 07:05:12,420 - Knowledge - INFO - Found code_base: <app.utils.kg_build.knowledge.KnowledgeCodeBase object at 0x7f4bab5f4bd0>
2025-08-28 07:05:12,420 - Knowledge - INFO - persist ingested knowledge for /app/data/b2c/12661/b4300db/rialto-gstreamer-12661/source/Timer.cpp
2025-08-28 07:05:14,567 - Knowledge - INFO - persist search terms embedding for source/Timer.cpp
2025-08-28 07:05:14,567 - Knowledge - INFO - worker kw5 pull /app/data/b2c/12661/b4300db/rialto-gstreamer-12661/tests/ut/WebAudioClientBackendTests.cpp from ingest queue
2025-08-28 07:05:14,567 - Knowledge - INFO - Thread kw5 - File WebAudioClientBackendTests.cpp - Remaining files in queue: 18
2025-08-28 07:05:14,599 - Knowledge - INFO - start ingest for /app/data/b2c/12661/b4300db/rialto-gstreamer-12661/tests/ut/WebAudioClientBackendTests.cpp
2025-08-28 07:05:54,185 - Knowledge - INFO - done ingest for /app/data/b2c/12661/b4300db/rialto-gstreamer-12661/source/MediaPlayerManager.cpp
2025-08-28 07:05:54,574 - Knowledge - INFO - process ingested knowledge for /app/data/b2c/12661/b4300db/rialto-gstreamer-12661/source/MediaPlayerManager.cpp
2025-08-28 07:05:54,576 - Knowledge - INFO - Found code-base-name: https://github.com/kavia-common/rialto-gstreamer-12661.git:kavia-6.0.0-rc1
2025-08-28 07:05:54,576 - Knowledge - INFO - Found code_base: <app.utils.kg_build.knowledge.KnowledgeCodeBase object at 0x7f4bab5f4bd0>
2025-08-28 07:05:54,576 - Knowledge - INFO - persist ingested knowledge for /app/data/b2c/12661/b4300db/rialto-gstreamer-12661/source/MediaPlayerManager.cpp
2025-08-28 07:05:57,276 - Knowledge - INFO - persist search terms embedding for source/MediaPlayerManager.cpp
2025-08-28 07:05:57,286 - Knowledge - INFO - worker kw15 pull /app/data/b2c/12661/b4300db/rialto-gstreamer-12661/tests/ut/GStreamerEmeUtilsTests.cpp from ingest queue
2025-08-28 07:05:57,287 - Knowledge - INFO - Thread kw15 - File GStreamerEmeUtilsTests.cpp - Remaining files in queue: 17
2025-08-28 07:05:57,287 - Knowledge - INFO - start ingest for /app/data/b2c/12661/b4300db/rialto-gstreamer-12661/tests/ut/GStreamerEmeUtilsTests.cpp
2025-08-28 07:06:07,514 - Knowledge - INFO - done ingest for /app/data/b2c/12661/b4300db/rialto-gstreamer-12661/tests/third-party/source/WebAudioPlayerFactory.cpp
2025-08-28 07:06:07,609 - Knowledge - INFO - process ingested knowledge for /app/data/b2c/12661/b4300db/rialto-gstreamer-12661/tests/third-party/source/WebAudioPlayerFactory.cpp
2025-08-28 07:06:07,609 - Knowledge - INFO - Found code-base-name: https://github.com/kavia-common/rialto-gstreamer-12661.git:kavia-6.0.0-rc1
2025-08-28 07:06:07,610 - Knowledge - INFO - Found code_base: <app.utils.kg_build.knowledge.KnowledgeCodeBase object at 0x7f4bab5f4bd0>
2025-08-28 07:06:07,610 - Knowledge - INFO - persist ingested knowledge for /app/data/b2c/12661/b4300db/rialto-gstreamer-12661/tests/third-party/source/WebAudioPlayerFactory.cpp
2025-08-28 07:06:09,593 - Knowledge - INFO - persist search terms embedding for tests/third-party/source/WebAudioPlayerFactory.cpp
2025-08-28 07:06:09,596 - Knowledge - INFO - worker kw14 pull /app/data/b2c/12661/b4300db/rialto-gstreamer-12661/tests/ut/BufferParserTests.cpp from ingest queue
2025-08-28 07:06:09,596 - Knowledge - INFO - Thread kw14 - File BufferParserTests.cpp - Remaining files in queue: 16
2025-08-28 07:06:09,596 - Knowledge - INFO - start ingest for /app/data/b2c/12661/b4300db/rialto-gstreamer-12661/tests/ut/BufferParserTests.cpp
2025-08-28 07:06:30,069 - Knowledge - INFO - done ingest for /app/data/b2c/12661/b4300db/rialto-gstreamer-12661/source/MessageQueue.h
2025-08-28 07:06:30,288 - Knowledge - INFO - process ingested knowledge for /app/data/b2c/12661/b4300db/rialto-gstreamer-12661/source/MessageQueue.h
2025-08-28 07:06:30,288 - Knowledge - INFO - Found code-base-name: https://github.com/kavia-common/rialto-gstreamer-12661.git:kavia-6.0.0-rc1
2025-08-28 07:06:30,295 - Knowledge - INFO - Found code_base: <app.utils.kg_build.knowledge.KnowledgeCodeBase object at 0x7f4bab5f4bd0>
2025-08-28 07:06:30,295 - Knowledge - INFO - persist ingested knowledge for /app/data/b2c/12661/b4300db/rialto-gstreamer-12661/source/MessageQueue.h
2025-08-28 07:06:32,603 - Knowledge - INFO - persist search terms embedding for source/MessageQueue.h
2025-08-28 07:06:32,673 - Knowledge - INFO - worker kw3 pull /app/data/b2c/12661/b4300db/rialto-gstreamer-12661/source/RialtoGStreamerMSEVideoSink.cpp from ingest queue
2025-08-28 07:06:32,673 - Knowledge - INFO - Thread kw3 - File RialtoGStreamerMSEVideoSink.cpp - Remaining files in queue: 15
2025-08-28 07:06:32,674 - Knowledge - INFO - start ingest for /app/data/b2c/12661/b4300db/rialto-gstreamer-12661/source/RialtoGStreamerMSEVideoSink.cpp
2025-08-28 07:06:54,875 - Knowledge - INFO - done ingest for /app/data/b2c/12661/b4300db/rialto-gstreamer-12661/tests/third-party/source/MediaPipelineFactory.cpp
2025-08-28 07:06:55,268 - Knowledge - INFO - process ingested knowledge for /app/data/b2c/12661/b4300db/rialto-gstreamer-12661/tests/third-party/source/MediaPipelineFactory.cpp
2025-08-28 07:06:55,268 - Knowledge - INFO - Found code-base-name: https://github.com/kavia-common/rialto-gstreamer-12661.git:kavia-6.0.0-rc1
2025-08-28 07:06:55,268 - Knowledge - INFO - Found code_base: <app.utils.kg_build.knowledge.KnowledgeCodeBase object at 0x7f4bab5f4bd0>
2025-08-28 07:06:55,269 - Knowledge - INFO - persist ingested knowledge for /app/data/b2c/12661/b4300db/rialto-gstreamer-12661/tests/third-party/source/MediaPipelineFactory.cpp
2025-08-28 07:06:55,972 - Knowledge - INFO - done ingest for /app/data/b2c/12661/b4300db/rialto-gstreamer-12661/source/GStreamerWebAudioPlayerClient.h
2025-08-28 07:06:56,173 - Knowledge - INFO - process ingested knowledge for /app/data/b2c/12661/b4300db/rialto-gstreamer-12661/source/GStreamerWebAudioPlayerClient.h
2025-08-28 07:06:58,100 - Knowledge - INFO - persist search terms embedding for tests/third-party/source/MediaPipelineFactory.cpp
2025-08-28 07:06:58,169 - Knowledge - INFO - Found code-base-name: https://github.com/kavia-common/rialto-gstreamer-12661.git:kavia-6.0.0-rc1
2025-08-28 07:06:58,169 - Knowledge - INFO - Found code_base: <app.utils.kg_build.knowledge.KnowledgeCodeBase object at 0x7f4bab5f4bd0>
2025-08-28 07:06:58,169 - Knowledge - INFO - persist ingested knowledge for /app/data/b2c/12661/b4300db/rialto-gstreamer-12661/source/GStreamerWebAudioPlayerClient.h
2025-08-28 07:06:58,191 - Knowledge - INFO - worker kw1 pull /app/data/b2c/12661/b4300db/rialto-gstreamer-12661/tests/third-party/CMakeLists.txt from ingest queue
2025-08-28 07:06:58,191 - Knowledge - INFO - Thread kw1 - File CMakeLists.txt - Remaining files in queue: 14
2025-08-28 07:06:58,191 - Knowledge - INFO - start ingest for /app/data/b2c/12661/b4300db/rialto-gstreamer-12661/tests/third-party/CMakeLists.txt
2025-08-28 07:06:58,383 - Knowledge - INFO - Fast-track processing for simple file: /app/data/b2c/12661/b4300db/rialto-gstreamer-12661/tests/third-party/CMakeLists.txt
2025-08-28 07:06:58,383 - Knowledge - INFO - done fast ingest for /app/data/b2c/12661/b4300db/rialto-gstreamer-12661/tests/third-party/CMakeLists.txt
2025-08-28 07:06:58,563 - Knowledge - INFO - process ingested knowledge for /app/data/b2c/12661/b4300db/rialto-gstreamer-12661/tests/third-party/CMakeLists.txt
2025-08-28 07:06:58,671 - Knowledge - INFO - done ingest for /app/data/b2c/12661/b4300db/rialto-gstreamer-12661/source/MediaPlayerManager.h
2025-08-28 07:06:58,780 - Knowledge - INFO - process ingested knowledge for /app/data/b2c/12661/b4300db/rialto-gstreamer-12661/source/MediaPlayerManager.h
2025-08-28 07:07:00,192 - Knowledge - INFO - persist search terms embedding for source/GStreamerWebAudioPlayerClient.h
2025-08-28 07:07:00,204 - Knowledge - INFO - Found code-base-name: https://github.com/kavia-common/rialto-gstreamer-12661.git:kavia-6.0.0-rc1
2025-08-28 07:07:00,204 - Knowledge - INFO - Found code_base: <app.utils.kg_build.knowledge.KnowledgeCodeBase object at 0x7f4bab5f4bd0>
2025-08-28 07:07:00,204 - Knowledge - INFO - persist ingested knowledge for /app/data/b2c/12661/b4300db/rialto-gstreamer-12661/tests/third-party/CMakeLists.txt
2025-08-28 07:07:00,263 - Knowledge - INFO - Found code-base-name: https://github.com/kavia-common/rialto-gstreamer-12661.git:kavia-6.0.0-rc1
2025-08-28 07:07:00,263 - Knowledge - INFO - Found code_base: <app.utils.kg_build.knowledge.KnowledgeCodeBase object at 0x7f4bab5f4bd0>
2025-08-28 07:07:00,263 - Knowledge - INFO - persist ingested knowledge for /app/data/b2c/12661/b4300db/rialto-gstreamer-12661/source/MediaPlayerManager.h
2025-08-28 07:07:00,264 - Knowledge - INFO - worker kw8 pull /app/data/b2c/12661/b4300db/rialto-gstreamer-12661/source/RialtoGStreamerWebAudioSink.cpp from ingest queue
2025-08-28 07:07:00,264 - Knowledge - INFO - Thread kw8 - File RialtoGStreamerWebAudioSink.cpp - Remaining files in queue: 13
2025-08-28 07:07:00,264 - Knowledge - INFO - start ingest for /app/data/b2c/12661/b4300db/rialto-gstreamer-12661/source/RialtoGStreamerWebAudioSink.cpp
2025-08-28 07:07:01,902 - Knowledge - INFO - done ingest for /app/data/b2c/12661/b4300db/rialto-gstreamer-12661/source/Timer.h
2025-08-28 07:07:02,473 - Knowledge - INFO - process ingested knowledge for /app/data/b2c/12661/b4300db/rialto-gstreamer-12661/source/Timer.h
2025-08-28 07:07:02,972 - Knowledge - INFO - persist search terms embedding for source/MediaPlayerManager.h
2025-08-28 07:07:02,974 - Knowledge - INFO - worker kw25 pull /app/data/b2c/12661/b4300db/rialto-gstreamer-12661/tests/mocks/MediaPipelineMock.h from ingest queue
2025-08-28 07:07:02,974 - Knowledge - INFO - Thread kw25 - File MediaPipelineMock.h - Remaining files in queue: 12
2025-08-28 07:07:02,975 - Knowledge - INFO - start ingest for /app/data/b2c/12661/b4300db/rialto-gstreamer-12661/tests/mocks/MediaPipelineMock.h
2025-08-28 07:07:02,979 - Knowledge - INFO - Found code-base-name: https://github.com/kavia-common/rialto-gstreamer-12661.git:kavia-6.0.0-rc1
2025-08-28 07:07:02,980 - Knowledge - INFO - Found code_base: <app.utils.kg_build.knowledge.KnowledgeCodeBase object at 0x7f4bab5f4bd0>
2025-08-28 07:07:02,980 - Knowledge - INFO - persist ingested knowledge for /app/data/b2c/12661/b4300db/rialto-gstreamer-12661/source/Timer.h
2025-08-28 07:07:02,984 - Knowledge - INFO - worker kw1 pull /app/data/b2c/12661/b4300db/rialto-gstreamer-12661/source/BufferParser.h from ingest queue
2025-08-28 07:07:02,984 - Knowledge - INFO - Thread kw1 - File BufferParser.h - Remaining files in queue: 11
2025-08-28 07:07:02,984 - Knowledge - INFO - start ingest for /app/data/b2c/12661/b4300db/rialto-gstreamer-12661/source/BufferParser.h
2025-08-28 07:07:04,991 - Knowledge - INFO - persist search terms embedding for source/Timer.h
2025-08-28 07:07:04,997 - Knowledge - INFO - worker kw17 pull /app/data/b2c/12661/b4300db/rialto-gstreamer-12661/CONTRIBUTING.md from ingest queue
2025-08-28 07:07:04,997 - Knowledge - INFO - Thread kw17 - File CONTRIBUTING.md - Remaining files in queue: 10
2025-08-28 07:07:04,997 - Knowledge - INFO - start ingest for /app/data/b2c/12661/b4300db/rialto-gstreamer-12661/CONTRIBUTING.md
2025-08-28 07:07:05,165 - Knowledge - INFO - Fast-track processing for simple file: /app/data/b2c/12661/b4300db/rialto-gstreamer-12661/CONTRIBUTING.md
2025-08-28 07:07:05,165 - Knowledge - INFO - done fast ingest for /app/data/b2c/12661/b4300db/rialto-gstreamer-12661/CONTRIBUTING.md
2025-08-28 07:07:05,165 - Knowledge - INFO - process ingested knowledge for /app/data/b2c/12661/b4300db/rialto-gstreamer-12661/CONTRIBUTING.md
2025-08-28 07:07:05,165 - Knowledge - INFO - Found code-base-name: https://github.com/kavia-common/rialto-gstreamer-12661.git:kavia-6.0.0-rc1
2025-08-28 07:07:05,165 - Knowledge - INFO - Found code_base: <app.utils.kg_build.knowledge.KnowledgeCodeBase object at 0x7f4bab5f4bd0>
2025-08-28 07:07:05,165 - Knowledge - INFO - persist ingested knowledge for /app/data/b2c/12661/b4300db/rialto-gstreamer-12661/CONTRIBUTING.md
2025-08-28 07:07:05,996 - Knowledge - INFO - worker kw17 pull /app/data/b2c/12661/b4300db/rialto-gstreamer-12661/tests/mocks/ControlMock.h from ingest queue
2025-08-28 07:07:05,997 - Knowledge - INFO - Thread kw17 - File ControlMock.h - Remaining files in queue: 9
2025-08-28 07:07:06,080 - Knowledge - INFO - start ingest for /app/data/b2c/12661/b4300db/rialto-gstreamer-12661/tests/mocks/ControlMock.h
2025-08-28 07:07:11,872 - Knowledge - INFO - done ingest for /app/data/b2c/12661/b4300db/rialto-gstreamer-12661/tests/third-party/source/MediaPipelineCapabilitiesFactory.cpp
2025-08-28 07:07:12,206 - Knowledge - INFO - process ingested knowledge for /app/data/b2c/12661/b4300db/rialto-gstreamer-12661/tests/third-party/source/MediaPipelineCapabilitiesFactory.cpp
2025-08-28 07:07:12,206 - Knowledge - INFO - Found code-base-name: https://github.com/kavia-common/rialto-gstreamer-12661.git:kavia-6.0.0-rc1
2025-08-28 07:07:12,207 - Knowledge - INFO - Found code_base: <app.utils.kg_build.knowledge.KnowledgeCodeBase object at 0x7f4bab5f4bd0>
2025-08-28 07:07:12,207 - Knowledge - INFO - persist ingested knowledge for /app/data/b2c/12661/b4300db/rialto-gstreamer-12661/tests/third-party/source/MediaPipelineCapabilitiesFactory.cpp
2025-08-28 07:07:14,400 - Knowledge - INFO - persist search terms embedding for tests/third-party/source/MediaPipelineCapabilitiesFactory.cpp
2025-08-28 07:07:14,404 - Knowledge - INFO - worker kw4 pull /app/data/b2c/12661/b4300db/rialto-gstreamer-12661/tests/ut/GStreamerUtilsTests.cpp from ingest queue
2025-08-28 07:07:14,404 - Knowledge - INFO - Thread kw4 - File GStreamerUtilsTests.cpp - Remaining files in queue: 8
2025-08-28 07:07:14,404 - Knowledge - INFO - start ingest for /app/data/b2c/12661/b4300db/rialto-gstreamer-12661/tests/ut/GStreamerUtilsTests.cpp
2025-08-28 07:07:18,981 - Knowledge - INFO - done ingest for /app/data/b2c/12661/b4300db/rialto-gstreamer-12661/source/ControlBackend.h
2025-08-28 07:07:19,084 - Knowledge - INFO - process ingested knowledge for /app/data/b2c/12661/b4300db/rialto-gstreamer-12661/source/ControlBackend.h
2025-08-28 07:07:19,085 - Knowledge - INFO - Found code-base-name: https://github.com/kavia-common/rialto-gstreamer-12661.git:kavia-6.0.0-rc1
2025-08-28 07:07:19,085 - Knowledge - INFO - Found code_base: <app.utils.kg_build.knowledge.KnowledgeCodeBase object at 0x7f4bab5f4bd0>
2025-08-28 07:07:19,085 - Knowledge - INFO - persist ingested knowledge for /app/data/b2c/12661/b4300db/rialto-gstreamer-12661/source/ControlBackend.h
2025-08-28 07:07:21,482 - Knowledge - INFO - persist search terms embedding for source/ControlBackend.h
2025-08-28 07:07:21,489 - Knowledge - INFO - worker kw19 pull /app/data/b2c/12661/b4300db/rialto-gstreamer-12661/tests/mocks/WebAudioPlayerClientMock.h from ingest queue
2025-08-28 07:07:21,489 - Knowledge - INFO - Thread kw19 - File WebAudioPlayerClientMock.h - Remaining files in queue: 7
2025-08-28 07:07:21,489 - Knowledge - INFO - start ingest for /app/data/b2c/12661/b4300db/rialto-gstreamer-12661/tests/mocks/WebAudioPlayerClientMock.h
2025-08-28 07:07:22,874 - Knowledge - INFO - done ingest for /app/data/b2c/12661/b4300db/rialto-gstreamer-12661/source/RialtoGStreamerMSEAudioSink.h
2025-08-28 07:07:23,278 - Knowledge - INFO - process ingested knowledge for /app/data/b2c/12661/b4300db/rialto-gstreamer-12661/source/RialtoGStreamerMSEAudioSink.h
2025-08-28 07:07:23,279 - Knowledge - INFO - Found code-base-name: https://github.com/kavia-common/rialto-gstreamer-12661.git:kavia-6.0.0-rc1
2025-08-28 07:07:23,279 - Knowledge - INFO - Found code_base: <app.utils.kg_build.knowledge.KnowledgeCodeBase object at 0x7f4bab5f4bd0>
2025-08-28 07:07:23,279 - Knowledge - INFO - persist ingested knowledge for /app/data/b2c/12661/b4300db/rialto-gstreamer-12661/source/RialtoGStreamerMSEAudioSink.h
2025-08-28 07:07:25,381 - Knowledge - INFO - persist search terms embedding for source/RialtoGStreamerMSEAudioSink.h
2025-08-28 07:07:25,403 - Knowledge - INFO - worker kw10 pull /app/data/b2c/12661/b4300db/rialto-gstreamer-12661/tests/mocks/MediaPipelineClientMock.h from ingest queue
2025-08-28 07:07:25,403 - Knowledge - INFO - Thread kw10 - File MediaPipelineClientMock.h - Remaining files in queue: 6
2025-08-28 07:07:25,405 - Knowledge - INFO - start ingest for /app/data/b2c/12661/b4300db/rialto-gstreamer-12661/tests/mocks/MediaPipelineClientMock.h
2025-08-28 07:07:28,472 - Knowledge - INFO - done ingest for /app/data/b2c/12661/b4300db/rialto-gstreamer-12661/source/RialtoGStreamerMSEBaseSinkPrivate.h
2025-08-28 07:07:28,787 - Knowledge - INFO - process ingested knowledge for /app/data/b2c/12661/b4300db/rialto-gstreamer-12661/source/RialtoGStreamerMSEBaseSinkPrivate.h
2025-08-28 07:07:28,787 - Knowledge - INFO - Found code-base-name: https://github.com/kavia-common/rialto-gstreamer-12661.git:kavia-6.0.0-rc1
2025-08-28 07:07:28,788 - Knowledge - INFO - Found code_base: <app.utils.kg_build.knowledge.KnowledgeCodeBase object at 0x7f4bab5f4bd0>
2025-08-28 07:07:28,788 - Knowledge - INFO - persist ingested knowledge for /app/data/b2c/12661/b4300db/rialto-gstreamer-12661/source/RialtoGStreamerMSEBaseSinkPrivate.h
2025-08-28 07:07:31,183 - Knowledge - INFO - persist search terms embedding for source/RialtoGStreamerMSEBaseSinkPrivate.h
2025-08-28 07:07:31,186 - Knowledge - INFO - worker kw23 pull /app/data/b2c/12661/b4300db/rialto-gstreamer-12661/tests/mocks/CMakeLists.txt from ingest queue
2025-08-28 07:07:31,186 - Knowledge - INFO - Thread kw23 - File CMakeLists.txt - Remaining files in queue: 5
2025-08-28 07:07:31,186 - Knowledge - INFO - start ingest for /app/data/b2c/12661/b4300db/rialto-gstreamer-12661/tests/mocks/CMakeLists.txt
2025-08-28 07:07:31,295 - Knowledge - INFO - Fast-track processing for simple file: /app/data/b2c/12661/b4300db/rialto-gstreamer-12661/tests/mocks/CMakeLists.txt
2025-08-28 07:07:31,295 - Knowledge - INFO - done fast ingest for /app/data/b2c/12661/b4300db/rialto-gstreamer-12661/tests/mocks/CMakeLists.txt
2025-08-28 07:07:31,296 - Knowledge - INFO - process ingested knowledge for /app/data/b2c/12661/b4300db/rialto-gstreamer-12661/tests/mocks/CMakeLists.txt
2025-08-28 07:07:31,296 - Knowledge - INFO - Found code-base-name: https://github.com/kavia-common/rialto-gstreamer-12661.git:kavia-6.0.0-rc1
2025-08-28 07:07:31,296 - Knowledge - INFO - Found code_base: <app.utils.kg_build.knowledge.KnowledgeCodeBase object at 0x7f4bab5f4bd0>
2025-08-28 07:07:31,296 - Knowledge - INFO - persist ingested knowledge for /app/data/b2c/12661/b4300db/rialto-gstreamer-12661/tests/mocks/CMakeLists.txt
2025-08-28 07:07:32,170 - Knowledge - INFO - worker kw23 pull /app/data/b2c/12661/b4300db/rialto-gstreamer-12661/tests/ut/CMakeLists.txt from ingest queue
2025-08-28 07:07:32,170 - Knowledge - INFO - Thread kw23 - File CMakeLists.txt - Remaining files in queue: 4
2025-08-28 07:07:32,170 - Knowledge - INFO - start ingest for /app/data/b2c/12661/b4300db/rialto-gstreamer-12661/tests/ut/CMakeLists.txt
2025-08-28 07:07:32,372 - Knowledge - INFO - Fast-track processing for simple file: /app/data/b2c/12661/b4300db/rialto-gstreamer-12661/tests/ut/CMakeLists.txt
2025-08-28 07:07:32,372 - Knowledge - INFO - done fast ingest for /app/data/b2c/12661/b4300db/rialto-gstreamer-12661/tests/ut/CMakeLists.txt
2025-08-28 07:07:32,378 - Knowledge - INFO - process ingested knowledge for /app/data/b2c/12661/b4300db/rialto-gstreamer-12661/tests/ut/CMakeLists.txt
2025-08-28 07:07:32,378 - Knowledge - INFO - Found code-base-name: https://github.com/kavia-common/rialto-gstreamer-12661.git:kavia-6.0.0-rc1
2025-08-28 07:07:32,378 - Knowledge - INFO - Found code_base: <app.utils.kg_build.knowledge.KnowledgeCodeBase object at 0x7f4bab5f4bd0>
2025-08-28 07:07:32,379 - Knowledge - INFO - persist ingested knowledge for /app/data/b2c/12661/b4300db/rialto-gstreamer-12661/tests/ut/CMakeLists.txt
2025-08-28 07:07:32,991 - Knowledge - INFO - worker kw23 pull /app/data/b2c/12661/b4300db/rialto-gstreamer-12661/build_ut.py from ingest queue
2025-08-28 07:07:32,991 - Knowledge - INFO - Thread kw23 - File build_ut.py - Remaining files in queue: 3
2025-08-28 07:07:32,991 - Knowledge - INFO - start ingest for /app/data/b2c/12661/b4300db/rialto-gstreamer-12661/build_ut.py
2025-08-28 07:07:51,084 - Knowledge - INFO - done ingest for /app/data/b2c/12661/b4300db/rialto-gstreamer-12661/tests/mocks/MediaPipelineCapabilitiesMock.h
2025-08-28 07:07:51,190 - Knowledge - INFO - process ingested knowledge for /app/data/b2c/12661/b4300db/rialto-gstreamer-12661/tests/mocks/MediaPipelineCapabilitiesMock.h
2025-08-28 07:07:51,191 - Knowledge - INFO - Found code-base-name: https://github.com/kavia-common/rialto-gstreamer-12661.git:kavia-6.0.0-rc1
2025-08-28 07:07:51,191 - Knowledge - INFO - Found code_base: <app.utils.kg_build.knowledge.KnowledgeCodeBase object at 0x7f4bab5f4bd0>
2025-08-28 07:07:51,191 - Knowledge - INFO - persist ingested knowledge for /app/data/b2c/12661/b4300db/rialto-gstreamer-12661/tests/mocks/MediaPipelineCapabilitiesMock.h
2025-08-28 07:07:53,481 - Knowledge - INFO - persist search terms embedding for tests/mocks/MediaPipelineCapabilitiesMock.h
2025-08-28 07:07:53,484 - Knowledge - INFO - worker kw21 pull /app/data/b2c/12661/b4300db/rialto-gstreamer-12661/README.md from ingest queue
2025-08-28 07:07:53,484 - Knowledge - INFO - Thread kw21 - File README.md - Remaining files in queue: 2
2025-08-28 07:07:53,485 - Knowledge - INFO - start ingest for /app/data/b2c/12661/b4300db/rialto-gstreamer-12661/README.md
2025-08-28 07:07:53,682 - Knowledge - INFO - Fast-track processing for simple file: /app/data/b2c/12661/b4300db/rialto-gstreamer-12661/README.md
2025-08-28 07:07:53,682 - Knowledge - INFO - done fast ingest for /app/data/b2c/12661/b4300db/rialto-gstreamer-12661/README.md
2025-08-28 07:07:53,683 - Knowledge - INFO - process ingested knowledge for /app/data/b2c/12661/b4300db/rialto-gstreamer-12661/README.md
2025-08-28 07:07:53,684 - Knowledge - INFO - Found code-base-name: https://github.com/kavia-common/rialto-gstreamer-12661.git:kavia-6.0.0-rc1
2025-08-28 07:07:53,684 - Knowledge - INFO - Found code_base: <app.utils.kg_build.knowledge.KnowledgeCodeBase object at 0x7f4bab5f4bd0>
2025-08-28 07:07:53,684 - Knowledge - INFO - persist ingested knowledge for /app/data/b2c/12661/b4300db/rialto-gstreamer-12661/README.md
2025-08-28 07:07:54,591 - Knowledge - INFO - worker kw21 pull /app/data/b2c/12661/b4300db/rialto-gstreamer-12661/CHANGELOG.md from ingest queue
2025-08-28 07:07:54,591 - Knowledge - INFO - Thread kw21 - File CHANGELOG.md - Remaining files in queue: 1
2025-08-28 07:07:54,592 - Knowledge - INFO - start ingest for /app/data/b2c/12661/b4300db/rialto-gstreamer-12661/CHANGELOG.md
2025-08-28 07:07:54,711 - Knowledge - INFO - Fast-track processing for simple file: /app/data/b2c/12661/b4300db/rialto-gstreamer-12661/CHANGELOG.md
2025-08-28 07:07:54,711 - Knowledge - INFO - done fast ingest for /app/data/b2c/12661/b4300db/rialto-gstreamer-12661/CHANGELOG.md
2025-08-28 07:07:54,712 - Knowledge - INFO - process ingested knowledge for /app/data/b2c/12661/b4300db/rialto-gstreamer-12661/CHANGELOG.md
2025-08-28 07:07:54,712 - Knowledge - INFO - Found code-base-name: https://github.com/kavia-common/rialto-gstreamer-12661.git:kavia-6.0.0-rc1
2025-08-28 07:07:54,712 - Knowledge - INFO - Found code_base: <app.utils.kg_build.knowledge.KnowledgeCodeBase object at 0x7f4bab5f4bd0>
2025-08-28 07:07:54,712 - Knowledge - INFO - persist ingested knowledge for /app/data/b2c/12661/b4300db/rialto-gstreamer-12661/CHANGELOG.md
2025-08-28 07:07:55,688 - Knowledge - INFO - worker kw21 pull /app/data/b2c/12661/b4300db/rialto-gstreamer-12661/tests/mocks/WebAudioPlayerMock.h from ingest queue
2025-08-28 07:07:55,689 - Knowledge - INFO - Thread kw21 - File WebAudioPlayerMock.h - Remaining files in queue: 0
2025-08-28 07:07:55,692 - Knowledge - INFO - start ingest for /app/data/b2c/12661/b4300db/rialto-gstreamer-12661/tests/mocks/WebAudioPlayerMock.h
2025-08-28 07:08:36,072 - Knowledge - INFO - done ingest for /app/data/b2c/12661/b4300db/rialto-gstreamer-12661/source/WebAudioClientBackend.h
2025-08-28 07:08:36,594 - Knowledge - INFO - process ingested knowledge for /app/data/b2c/12661/b4300db/rialto-gstreamer-12661/source/WebAudioClientBackend.h
2025-08-28 07:08:36,595 - Knowledge - INFO - Found code-base-name: https://github.com/kavia-common/rialto-gstreamer-12661.git:kavia-6.0.0-rc1
2025-08-28 07:08:36,595 - Knowledge - INFO - Found code_base: <app.utils.kg_build.knowledge.KnowledgeCodeBase object at 0x7f4bab5f4bd0>
2025-08-28 07:08:36,595 - Knowledge - INFO - persist ingested knowledge for /app/data/b2c/12661/b4300db/rialto-gstreamer-12661/source/WebAudioClientBackend.h
2025-08-28 07:08:38,694 - Knowledge - INFO - persist search terms embedding for source/WebAudioClientBackend.h
2025-08-28 07:08:41,765 - Knowledge - INFO - done ingest for /app/data/b2c/12661/b4300db/rialto-gstreamer-12661/tests/ut/ControlBackendTests.cpp
2025-08-28 07:08:42,006 - Knowledge - INFO - process ingested knowledge for /app/data/b2c/12661/b4300db/rialto-gstreamer-12661/tests/ut/ControlBackendTests.cpp
2025-08-28 07:08:42,071 - Knowledge - INFO - Found code-base-name: https://github.com/kavia-common/rialto-gstreamer-12661.git:kavia-6.0.0-rc1
2025-08-28 07:08:42,071 - Knowledge - INFO - Found code_base: <app.utils.kg_build.knowledge.KnowledgeCodeBase object at 0x7f4bab5f4bd0>
2025-08-28 07:08:42,071 - Knowledge - INFO - persist ingested knowledge for /app/data/b2c/12661/b4300db/rialto-gstreamer-12661/tests/ut/ControlBackendTests.cpp
2025-08-28 07:08:43,585 - Knowledge - INFO - persist search terms embedding for tests/ut/ControlBackendTests.cpp
2025-08-28 07:08:49,085 - Knowledge - INFO - done ingest for /app/data/b2c/12661/b4300db/rialto-gstreamer-12661/tests/ut/WebAudioClientBackendTests.cpp
2025-08-28 07:08:49,467 - Knowledge - INFO - process ingested knowledge for /app/data/b2c/12661/b4300db/rialto-gstreamer-12661/tests/ut/WebAudioClientBackendTests.cpp
2025-08-28 07:08:49,580 - Knowledge - INFO - Found code-base-name: https://github.com/kavia-common/rialto-gstreamer-12661.git:kavia-6.0.0-rc1
2025-08-28 07:08:49,580 - Knowledge - INFO - Found code_base: <app.utils.kg_build.knowledge.KnowledgeCodeBase object at 0x7f4bab5f4bd0>
2025-08-28 07:08:49,580 - Knowledge - INFO - persist ingested knowledge for /app/data/b2c/12661/b4300db/rialto-gstreamer-12661/tests/ut/WebAudioClientBackendTests.cpp
2025-08-28 07:08:52,494 - Knowledge - INFO - persist search terms embedding for tests/ut/WebAudioClientBackendTests.cpp
2025-08-28 07:09:09,088 - Knowledge - INFO - done ingest for /app/data/b2c/12661/b4300db/rialto-gstreamer-12661/source/GStreamerEMEUtils.cpp
2025-08-28 07:09:09,276 - Knowledge - INFO - process ingested knowledge for /app/data/b2c/12661/b4300db/rialto-gstreamer-12661/source/GStreamerEMEUtils.cpp
2025-08-28 07:09:09,471 - Knowledge - INFO - Found code-base-name: https://github.com/kavia-common/rialto-gstreamer-12661.git:kavia-6.0.0-rc1
2025-08-28 07:09:09,472 - Knowledge - INFO - Found code_base: <app.utils.kg_build.knowledge.KnowledgeCodeBase object at 0x7f4bab5f4bd0>
2025-08-28 07:09:09,472 - Knowledge - INFO - persist ingested knowledge for /app/data/b2c/12661/b4300db/rialto-gstreamer-12661/source/GStreamerEMEUtils.cpp
2025-08-28 07:09:11,565 - Knowledge - INFO - persist search terms embedding for source/GStreamerEMEUtils.cpp
2025-08-28 07:09:17,382 - Knowledge - INFO - done ingest for /app/data/b2c/12661/b4300db/rialto-gstreamer-12661/tests/mocks/WebAudioPlayerClientMock.h
2025-08-28 07:09:17,970 - Knowledge - INFO - process ingested knowledge for /app/data/b2c/12661/b4300db/rialto-gstreamer-12661/tests/mocks/WebAudioPlayerClientMock.h
2025-08-28 07:09:18,005 - Knowledge - INFO - Found code-base-name: https://github.com/kavia-common/rialto-gstreamer-12661.git:kavia-6.0.0-rc1
2025-08-28 07:09:18,005 - Knowledge - INFO - Found code_base: <app.utils.kg_build.knowledge.KnowledgeCodeBase object at 0x7f4bab5f4bd0>
2025-08-28 07:09:18,006 - Knowledge - INFO - persist ingested knowledge for /app/data/b2c/12661/b4300db/rialto-gstreamer-12661/tests/mocks/WebAudioPlayerClientMock.h
2025-08-28 07:09:20,422 - Knowledge - INFO - persist search terms embedding for tests/mocks/WebAudioPlayerClientMock.h
2025-08-28 07:09:34,585 - Knowledge - INFO - done ingest for /app/data/b2c/12661/b4300db/rialto-gstreamer-12661/source/RialtoGStreamerMSEAudioSink.cpp
2025-08-28 07:09:34,684 - Knowledge - INFO - process ingested knowledge for /app/data/b2c/12661/b4300db/rialto-gstreamer-12661/source/RialtoGStreamerMSEAudioSink.cpp
2025-08-28 07:09:34,771 - Knowledge - INFO - Found code-base-name: https://github.com/kavia-common/rialto-gstreamer-12661.git:kavia-6.0.0-rc1
2025-08-28 07:09:34,771 - Knowledge - INFO - Found code_base: <app.utils.kg_build.knowledge.KnowledgeCodeBase object at 0x7f4bab5f4bd0>
2025-08-28 07:09:34,771 - Knowledge - INFO - persist ingested knowledge for /app/data/b2c/12661/b4300db/rialto-gstreamer-12661/source/RialtoGStreamerMSEAudioSink.cpp
2025-08-28 07:09:36,570 - Knowledge - INFO - done ingest for /app/data/b2c/12661/b4300db/rialto-gstreamer-12661/tests/ut/GStreamerUtilsTests.cpp
2025-08-28 07:09:36,780 - Knowledge - INFO - process ingested knowledge for /app/data/b2c/12661/b4300db/rialto-gstreamer-12661/tests/ut/GStreamerUtilsTests.cpp
2025-08-28 07:09:36,975 - Knowledge - INFO - persist search terms embedding for source/RialtoGStreamerMSEAudioSink.cpp
2025-08-28 07:09:37,299 - Knowledge - INFO - Found code-base-name: https://github.com/kavia-common/rialto-gstreamer-12661.git:kavia-6.0.0-rc1
2025-08-28 07:09:37,300 - Knowledge - INFO - Found code_base: <app.utils.kg_build.knowledge.KnowledgeCodeBase object at 0x7f4bab5f4bd0>
2025-08-28 07:09:37,300 - Knowledge - INFO - persist ingested knowledge for /app/data/b2c/12661/b4300db/rialto-gstreamer-12661/tests/ut/GStreamerUtilsTests.cpp
2025-08-28 07:09:38,563 - Knowledge - INFO - persist search terms embedding for tests/ut/GStreamerUtilsTests.cpp
2025-08-28 07:09:52,286 - Knowledge - INFO - done ingest for /app/data/b2c/12661/b4300db/rialto-gstreamer-12661/source/MediaPlayerClientBackendInterface.h
2025-08-28 07:09:52,394 - Knowledge - INFO - process ingested knowledge for /app/data/b2c/12661/b4300db/rialto-gstreamer-12661/source/MediaPlayerClientBackendInterface.h
2025-08-28 07:09:52,518 - Knowledge - INFO - Found code-base-name: https://github.com/kavia-common/rialto-gstreamer-12661.git:kavia-6.0.0-rc1
2025-08-28 07:09:52,518 - Knowledge - INFO - Found code_base: <app.utils.kg_build.knowledge.KnowledgeCodeBase object at 0x7f4bab5f4bd0>
2025-08-28 07:09:52,518 - Knowledge - INFO - persist ingested knowledge for /app/data/b2c/12661/b4300db/rialto-gstreamer-12661/source/MediaPlayerClientBackendInterface.h
2025-08-28 07:09:54,468 - Knowledge - INFO - persist search terms embedding for source/MediaPlayerClientBackendInterface.h
2025-08-28 07:09:58,871 - Knowledge - INFO - done ingest for /app/data/b2c/12661/b4300db/rialto-gstreamer-12661/tests/ut/BufferParserTests.cpp
2025-08-28 07:09:59,077 - Knowledge - INFO - process ingested knowledge for /app/data/b2c/12661/b4300db/rialto-gstreamer-12661/tests/ut/BufferParserTests.cpp
2025-08-28 07:09:59,199 - Knowledge - INFO - Found code-base-name: https://github.com/kavia-common/rialto-gstreamer-12661.git:kavia-6.0.0-rc1
2025-08-28 07:09:59,199 - Knowledge - INFO - Found code_base: <app.utils.kg_build.knowledge.KnowledgeCodeBase object at 0x7f4bab5f4bd0>
2025-08-28 07:09:59,199 - Knowledge - INFO - persist ingested knowledge for /app/data/b2c/12661/b4300db/rialto-gstreamer-12661/tests/ut/BufferParserTests.cpp
2025-08-28 07:10:01,873 - Knowledge - INFO - persist search terms embedding for tests/ut/BufferParserTests.cpp
2025-08-28 07:10:11,274 - Knowledge - ERROR - _ingest_file had exception litellm.APIConnectionError: APIConnectionError: OpenAIException - peer closed connection without sending complete message body (incomplete chunked read) processing file /app/data/b2c/12661/b4300db/rialto-gstreamer-12661/source/GStreamerMSEMediaPlayerClient.h
2025-08-28 07:10:11,275 - Knowledge - INFO - done ingest for /app/data/b2c/12661/b4300db/rialto-gstreamer-12661/source/GStreamerMSEMediaPlayerClient.h
2025-08-28 07:10:11,397 - Knowledge - INFO - done ingest for /app/data/b2c/12661/b4300db/rialto-gstreamer-12661/tests/mocks/ControlMock.h
2025-08-28 07:10:11,590 - Knowledge - INFO - process ingested knowledge for /app/data/b2c/12661/b4300db/rialto-gstreamer-12661/source/GStreamerMSEMediaPlayerClient.h
2025-08-28 07:10:11,785 - Knowledge - INFO - process ingested knowledge for /app/data/b2c/12661/b4300db/rialto-gstreamer-12661/tests/mocks/ControlMock.h
2025-08-28 07:10:12,064 - Knowledge - INFO - Found code-base-name: https://github.com/kavia-common/rialto-gstreamer-12661.git:kavia-6.0.0-rc1
2025-08-28 07:10:12,065 - Knowledge - INFO - Found code_base: <app.utils.kg_build.knowledge.KnowledgeCodeBase object at 0x7f4bab5f4bd0>
2025-08-28 07:10:12,065 - Knowledge - INFO - persist ingested knowledge for /app/data/b2c/12661/b4300db/rialto-gstreamer-12661/source/GStreamerMSEMediaPlayerClient.h
2025-08-28 07:10:12,989 - Knowledge - INFO - Found code-base-name: https://github.com/kavia-common/rialto-gstreamer-12661.git:kavia-6.0.0-rc1
2025-08-28 07:10:12,990 - Knowledge - INFO - Found code_base: <app.utils.kg_build.knowledge.KnowledgeCodeBase object at 0x7f4bab5f4bd0>
2025-08-28 07:10:12,990 - Knowledge - INFO - persist ingested knowledge for /app/data/b2c/12661/b4300db/rialto-gstreamer-12661/tests/mocks/ControlMock.h
2025-08-28 07:10:13,073 - Knowledge - ERROR - _ingest_file had exception litellm.APIConnectionError: APIConnectionError: OpenAIException - peer closed connection without sending complete message body (incomplete chunked read) processing file /app/data/b2c/12661/b4300db/rialto-gstreamer-12661/source/RialtoGStreamerMSEBaseSink.h
2025-08-28 07:10:13,073 - Knowledge - INFO - done ingest for /app/data/b2c/12661/b4300db/rialto-gstreamer-12661/source/RialtoGStreamerMSEBaseSink.h
2025-08-28 07:10:13,275 - Knowledge - INFO - process ingested knowledge for /app/data/b2c/12661/b4300db/rialto-gstreamer-12661/source/RialtoGStreamerMSEBaseSink.h
2025-08-28 07:10:15,173 - Knowledge - INFO - persist search terms embedding for tests/mocks/ControlMock.h
2025-08-28 07:10:15,481 - Knowledge - INFO - Found code-base-name: https://github.com/kavia-common/rialto-gstreamer-12661.git:kavia-6.0.0-rc1
2025-08-28 07:10:15,481 - Knowledge - INFO - Found code_base: <app.utils.kg_build.knowledge.KnowledgeCodeBase object at 0x7f4bab5f4bd0>
2025-08-28 07:10:15,482 - Knowledge - INFO - persist ingested knowledge for /app/data/b2c/12661/b4300db/rialto-gstreamer-12661/source/RialtoGStreamerMSEBaseSink.h
2025-08-28 07:10:17,885 - Knowledge - INFO - done ingest for /app/data/b2c/12661/b4300db/rialto-gstreamer-12661/build_ut.py
2025-08-28 07:10:18,074 - Knowledge - INFO - process ingested knowledge for /app/data/b2c/12661/b4300db/rialto-gstreamer-12661/build_ut.py
2025-08-28 07:10:18,187 - Knowledge - INFO - Found code-base-name: https://github.com/kavia-common/rialto-gstreamer-12661.git:kavia-6.0.0-rc1
2025-08-28 07:10:18,187 - Knowledge - INFO - Found code_base: <app.utils.kg_build.knowledge.KnowledgeCodeBase object at 0x7f4bab5f4bd0>
2025-08-28 07:10:18,187 - Knowledge - INFO - persist ingested knowledge for /app/data/b2c/12661/b4300db/rialto-gstreamer-12661/build_ut.py
2025-08-28 07:10:20,763 - Knowledge - INFO - done ingest for /app/data/b2c/12661/b4300db/rialto-gstreamer-12661/source/GStreamerWebAudioPlayerClient.cpp
2025-08-28 07:10:20,984 - Knowledge - INFO - persist search terms embedding for build_ut.py
2025-08-28 07:10:21,296 - Knowledge - INFO - process ingested knowledge for /app/data/b2c/12661/b4300db/rialto-gstreamer-12661/source/GStreamerWebAudioPlayerClient.cpp
2025-08-28 07:10:21,671 - Knowledge - INFO - Found code-base-name: https://github.com/kavia-common/rialto-gstreamer-12661.git:kavia-6.0.0-rc1
2025-08-28 07:10:21,672 - Knowledge - INFO - Found code_base: <app.utils.kg_build.knowledge.KnowledgeCodeBase object at 0x7f4bab5f4bd0>
2025-08-28 07:10:21,672 - Knowledge - INFO - persist ingested knowledge for /app/data/b2c/12661/b4300db/rialto-gstreamer-12661/source/GStreamerWebAudioPlayerClient.cpp
2025-08-28 07:10:24,080 - Knowledge - INFO - persist search terms embedding for source/GStreamerWebAudioPlayerClient.cpp
2025-08-28 07:10:35,865 - Knowledge - INFO - done ingest for /app/data/b2c/12661/b4300db/rialto-gstreamer-12661/source/BufferParser.h
2025-08-28 07:10:36,074 - Knowledge - INFO - process ingested knowledge for /app/data/b2c/12661/b4300db/rialto-gstreamer-12661/source/BufferParser.h
2025-08-28 07:10:36,579 - Knowledge - INFO - Found code-base-name: https://github.com/kavia-common/rialto-gstreamer-12661.git:kavia-6.0.0-rc1
2025-08-28 07:10:36,579 - Knowledge - INFO - Found code_base: <app.utils.kg_build.knowledge.KnowledgeCodeBase object at 0x7f4bab5f4bd0>
2025-08-28 07:10:36,579 - Knowledge - INFO - persist ingested knowledge for /app/data/b2c/12661/b4300db/rialto-gstreamer-12661/source/BufferParser.h
2025-08-28 07:10:37,582 - Knowledge - INFO - done ingest for /app/data/b2c/12661/b4300db/rialto-gstreamer-12661/source/MediaPlayerClientBackend.h
2025-08-28 07:10:37,992 - Knowledge - INFO - process ingested knowledge for /app/data/b2c/12661/b4300db/rialto-gstreamer-12661/source/MediaPlayerClientBackend.h
2025-08-28 07:10:38,781 - Knowledge - INFO - persist search terms embedding for source/BufferParser.h
2025-08-28 07:10:38,889 - Knowledge - INFO - Found code-base-name: https://github.com/kavia-common/rialto-gstreamer-12661.git:kavia-6.0.0-rc1
2025-08-28 07:10:38,889 - Knowledge - INFO - Found code_base: <app.utils.kg_build.knowledge.KnowledgeCodeBase object at 0x7f4bab5f4bd0>
2025-08-28 07:10:38,889 - Knowledge - INFO - persist ingested knowledge for /app/data/b2c/12661/b4300db/rialto-gstreamer-12661/source/MediaPlayerClientBackend.h
2025-08-28 07:10:40,284 - Knowledge - INFO - persist search terms embedding for source/MediaPlayerClientBackend.h
2025-08-28 07:10:44,079 - Knowledge - INFO - done ingest for /app/data/b2c/12661/b4300db/rialto-gstreamer-12661/tests/ut/MediaPlayerClientBackendTests.cpp
2025-08-28 07:10:44,201 - Knowledge - INFO - process ingested knowledge for /app/data/b2c/12661/b4300db/rialto-gstreamer-12661/tests/ut/MediaPlayerClientBackendTests.cpp
2025-08-28 07:10:44,587 - Knowledge - INFO - Found code-base-name: https://github.com/kavia-common/rialto-gstreamer-12661.git:kavia-6.0.0-rc1
2025-08-28 07:10:44,587 - Knowledge - INFO - Found code_base: <app.utils.kg_build.knowledge.KnowledgeCodeBase object at 0x7f4bab5f4bd0>
2025-08-28 07:10:44,588 - Knowledge - INFO - persist ingested knowledge for /app/data/b2c/12661/b4300db/rialto-gstreamer-12661/tests/ut/MediaPlayerClientBackendTests.cpp
2025-08-28 07:10:47,288 - Knowledge - INFO - done ingest for /app/data/b2c/12661/b4300db/rialto-gstreamer-12661/tests/ut/GStreamerEmeUtilsTests.cpp
2025-08-28 07:10:47,470 - Knowledge - INFO - persist search terms embedding for tests/ut/MediaPlayerClientBackendTests.cpp
2025-08-28 07:10:47,471 - Knowledge - INFO - process ingested knowledge for /app/data/b2c/12661/b4300db/rialto-gstreamer-12661/tests/ut/GStreamerEmeUtilsTests.cpp
2025-08-28 07:10:47,665 - Knowledge - INFO - Found code-base-name: https://github.com/kavia-common/rialto-gstreamer-12661.git:kavia-6.0.0-rc1
2025-08-28 07:10:47,665 - Knowledge - INFO - Found code_base: <app.utils.kg_build.knowledge.KnowledgeCodeBase object at 0x7f4bab5f4bd0>
2025-08-28 07:10:47,665 - Knowledge - INFO - persist ingested knowledge for /app/data/b2c/12661/b4300db/rialto-gstreamer-12661/tests/ut/GStreamerEmeUtilsTests.cpp
2025-08-28 07:10:49,663 - Knowledge - INFO - done ingest for /app/data/b2c/12661/b4300db/rialto-gstreamer-12661/tests/mocks/MediaPipelineClientMock.h
2025-08-28 07:10:49,777 - Knowledge - INFO - process ingested knowledge for /app/data/b2c/12661/b4300db/rialto-gstreamer-12661/tests/mocks/MediaPipelineClientMock.h
2025-08-28 07:10:49,891 - Knowledge - INFO - persist search terms embedding for tests/ut/GStreamerEmeUtilsTests.cpp
2025-08-28 07:10:50,169 - Knowledge - INFO - Found code-base-name: https://github.com/kavia-common/rialto-gstreamer-12661.git:kavia-6.0.0-rc1
2025-08-28 07:10:50,169 - Knowledge - INFO - Found code_base: <app.utils.kg_build.knowledge.KnowledgeCodeBase object at 0x7f4bab5f4bd0>
2025-08-28 07:10:50,169 - Knowledge - INFO - persist ingested knowledge for /app/data/b2c/12661/b4300db/rialto-gstreamer-12661/tests/mocks/MediaPipelineClientMock.h
2025-08-28 07:10:51,686 - Knowledge - INFO - persist search terms embedding for tests/mocks/MediaPipelineClientMock.h
2025-08-28 07:11:00,784 - Knowledge - INFO - done ingest for /app/data/b2c/12661/b4300db/rialto-gstreamer-12661/tests/mocks/WebAudioPlayerMock.h
2025-08-28 07:11:01,001 - Knowledge - INFO - process ingested knowledge for /app/data/b2c/12661/b4300db/rialto-gstreamer-12661/tests/mocks/WebAudioPlayerMock.h
2025-08-28 07:11:01,379 - Knowledge - INFO - Found code-base-name: https://github.com/kavia-common/rialto-gstreamer-12661.git:kavia-6.0.0-rc1
2025-08-28 07:11:01,379 - Knowledge - INFO - Found code_base: <app.utils.kg_build.knowledge.KnowledgeCodeBase object at 0x7f4bab5f4bd0>
2025-08-28 07:11:01,380 - Knowledge - INFO - persist ingested knowledge for /app/data/b2c/12661/b4300db/rialto-gstreamer-12661/tests/mocks/WebAudioPlayerMock.h
2025-08-28 07:11:03,080 - Knowledge - INFO - persist search terms embedding for tests/mocks/WebAudioPlayerMock.h
2025-08-28 07:11:25,964 - Knowledge - INFO - done ingest for /app/data/b2c/12661/b4300db/rialto-gstreamer-12661/source/RialtoGStreamerMSEVideoSink.cpp
2025-08-28 07:11:26,093 - Knowledge - INFO - process ingested knowledge for /app/data/b2c/12661/b4300db/rialto-gstreamer-12661/source/RialtoGStreamerMSEVideoSink.cpp
2025-08-28 07:11:26,176 - Knowledge - INFO - Found code-base-name: https://github.com/kavia-common/rialto-gstreamer-12661.git:kavia-6.0.0-rc1
2025-08-28 07:11:26,179 - Knowledge - INFO - Found code_base: <app.utils.kg_build.knowledge.KnowledgeCodeBase object at 0x7f4bab5f4bd0>
2025-08-28 07:11:26,179 - Knowledge - INFO - persist ingested knowledge for /app/data/b2c/12661/b4300db/rialto-gstreamer-12661/source/RialtoGStreamerMSEVideoSink.cpp
2025-08-28 07:11:28,477 - Knowledge - INFO - persist search terms embedding for source/RialtoGStreamerMSEVideoSink.cpp
2025-08-28 07:11:28,864 - Knowledge - INFO - done ingest for /app/data/b2c/12661/b4300db/rialto-gstreamer-12661/tests/mocks/MediaPipelineMock.h
2025-08-28 07:11:29,173 - Knowledge - INFO - process ingested knowledge for /app/data/b2c/12661/b4300db/rialto-gstreamer-12661/tests/mocks/MediaPipelineMock.h
2025-08-28 07:11:29,405 - Knowledge - INFO - Found code-base-name: https://github.com/kavia-common/rialto-gstreamer-12661.git:kavia-6.0.0-rc1
2025-08-28 07:11:29,405 - Knowledge - INFO - Found code_base: <app.utils.kg_build.knowledge.KnowledgeCodeBase object at 0x7f4bab5f4bd0>
2025-08-28 07:11:29,405 - Knowledge - INFO - persist ingested knowledge for /app/data/b2c/12661/b4300db/rialto-gstreamer-12661/tests/mocks/MediaPipelineMock.h
2025-08-28 07:11:30,873 - Knowledge - INFO - persist search terms embedding for tests/mocks/MediaPipelineMock.h
2025-08-28 07:11:43,382 - Knowledge - INFO - done ingest for /app/data/b2c/12661/b4300db/rialto-gstreamer-12661/source/GStreamerMSEMediaPlayerClient.cpp
2025-08-28 07:11:43,974 - Knowledge - INFO - process ingested knowledge for /app/data/b2c/12661/b4300db/rialto-gstreamer-12661/source/GStreamerMSEMediaPlayerClient.cpp
2025-08-28 07:11:44,797 - Knowledge - INFO - done ingest for /app/data/b2c/12661/b4300db/rialto-gstreamer-12661/source/RialtoGStreamerWebAudioSink.cpp
2025-08-28 07:11:44,874 - Knowledge - INFO - Found code-base-name: https://github.com/kavia-common/rialto-gstreamer-12661.git:kavia-6.0.0-rc1
2025-08-28 07:11:44,875 - Knowledge - INFO - Found code_base: <app.utils.kg_build.knowledge.KnowledgeCodeBase object at 0x7f4bab5f4bd0>
2025-08-28 07:11:44,875 - Knowledge - INFO - persist ingested knowledge for /app/data/b2c/12661/b4300db/rialto-gstreamer-12661/source/GStreamerMSEMediaPlayerClient.cpp
2025-08-28 07:11:45,183 - Knowledge - INFO - process ingested knowledge for /app/data/b2c/12661/b4300db/rialto-gstreamer-12661/source/RialtoGStreamerWebAudioSink.cpp
2025-08-28 07:11:47,794 - Knowledge - INFO - persist search terms embedding for source/GStreamerMSEMediaPlayerClient.cpp
2025-08-28 07:11:48,588 - Knowledge - INFO - Found code-base-name: https://github.com/kavia-common/rialto-gstreamer-12661.git:kavia-6.0.0-rc1
2025-08-28 07:11:48,588 - Knowledge - INFO - Found code_base: <app.utils.kg_build.knowledge.KnowledgeCodeBase object at 0x7f4bab5f4bd0>
2025-08-28 07:11:48,588 - Knowledge - INFO - persist ingested knowledge for /app/data/b2c/12661/b4300db/rialto-gstreamer-12661/source/RialtoGStreamerWebAudioSink.cpp
2025-08-28 07:11:50,365 - Knowledge - INFO - persist search terms embedding for source/RialtoGStreamerWebAudioSink.cpp
2025-08-28 07:12:55,911 - Knowledge - ERROR - _service_ingest_queue had exception  for file /app/data/b2c/12661/b4300db/rialto-gstreamer-12661/source/RialtoGStreamerMSEBaseSink.cpp
Traceback (most recent call last):
  File "/usr/local/lib/python3.11/asyncio/tasks.py", line 500, in wait_for
    return fut.result()
           ^^^^^^^^^^^^
  File "/app/app/utils/kg_build/knowledge.py", line 1723, in _ingest_file
    response = await llm.llm_interaction_wrapper(
               ^^^^^^^^^^^^^^^^^^^^^^^^^^^^^^^^^^
  File "/usr/local/lib/python3.11/site-packages/llm_wrapper/core/llm_interface.py", line 341, in llm_interaction_wrapper
    completion = await invoke_llm()
                 ^^^^^^^^^^^^^^^^^^
  File "/usr/local/lib/python3.11/site-packages/llm_wrapper/core/llm_interface.py", line 287, in invoke_llm
    return await loop.run_in_executor(None, blocking_call_wrapper)
           ^^^^^^^^^^^^^^^^^^^^^^^^^^^^^^^^^^^^^^^^^^^^^^^^^^^^^^^
asyncio.exceptions.CancelledError

The above exception was the direct cause of the following exception:

Traceback (most recent call last):
  File "/app/app/utils/kg_build/knowledge.py", line 324, in _service_ingest_queue
    file_info = self.loop_worker.run_until_complete(asyncio.wait_for( knowledge._ingest_file(filename, self.mongo_handler), knowledge.timeout))
                ^^^^^^^^^^^^^^^^^^^^^^^^^^^^^^^^^^^^^^^^^^^^^^^^^^^^^^^^^^^^^^^^^^^^^^^^^^^^^^^^^^^^^^^^^^^^^^^^^^^^^^^^^^^^^^^^^^^^^^^^^^^^^^^
  File "/usr/local/lib/python3.11/asyncio/base_events.py", line 654, in run_until_complete
    return future.result()
           ^^^^^^^^^^^^^^^
  File "/usr/local/lib/python3.11/asyncio/tasks.py", line 502, in wait_for
    raise exceptions.TimeoutError() from exc
TimeoutError
2025-08-28 07:12:56,005 - Knowledge - INFO - process ingested knowledge for /app/data/b2c/12661/b4300db/rialto-gstreamer-12661/source/RialtoGStreamerMSEBaseSink.cpp
2025-08-28 07:12:56,067 - Knowledge - INFO - Found code-base-name: https://github.com/kavia-common/rialto-gstreamer-12661.git:kavia-6.0.0-rc1
2025-08-28 07:12:56,067 - Knowledge - INFO - Found code_base: <app.utils.kg_build.knowledge.KnowledgeCodeBase object at 0x7f4bab5f4bd0>
2025-08-28 07:12:56,067 - Knowledge - INFO - persist ingested knowledge for /app/data/b2c/12661/b4300db/rialto-gstreamer-12661/source/RialtoGStreamerMSEBaseSink.cpp
2025-08-28 07:12:56,134 - Knowledge - INFO - Knowledge creation complete
2025-08-28 07:12:56,165 - Knowledge - INFO - Updating org costs, total cost: 0.032910199999999994
2025-08-28 07:12:56,611 - Knowledge - INFO - Saving knowledge to Redis...
2025-08-28 07:12:56,725 - Knowledge - INFO - Knowledge saved to Redis successfully
2025-08-28 07:16:47,305 - Knowledge - INFO - Redis support added with prefix knowledge:b4300db:
2025-08-28 07:16:47,446 - Knowledge - INFO - load persisted knowledge: begin
2025-08-28 07:16:48,207 - Knowledge - INFO - Persisted knowledge files in /app/data/b2c/12661/b4300db/rialto-gstreamer-12661/.knowledge have been renamed to use .json
2025-08-28 07:16:48,219 - Knowledge - INFO - Found code-base-name: https://github.com/kavia-common/rialto-gstreamer-12661.git:kavia-6.0.0-rc1
2025-08-28 07:16:48,220 - Knowledge - INFO - Found code_base: <app.utils.kg_build.knowledge.KnowledgeCodeBase object at 0x7f12001fe4d0>
2025-08-28 07:16:48,220 - Knowledge - INFO - process ingested knowledge for /app/data/b2c/12661/b4300db/rialto-gstreamer-12661/source/RialtoGStreamerWebAudioSink.h
2025-08-28 07:16:48,228 - Knowledge - INFO - Found code-base-name: https://github.com/kavia-common/rialto-gstreamer-12661.git:kavia-6.0.0-rc1
2025-08-28 07:16:48,228 - Knowledge - INFO - Found code_base: <app.utils.kg_build.knowledge.KnowledgeCodeBase object at 0x7f12001fe4d0>
2025-08-28 07:16:48,228 - Knowledge - INFO - process ingested knowledge for /app/data/b2c/12661/b4300db/rialto-gstreamer-12661/source/RialtoGStreamerMSEBaseSinkCallbacks.h
2025-08-28 07:16:48,237 - Knowledge - INFO - Found code-base-name: https://github.com/kavia-common/rialto-gstreamer-12661.git:kavia-6.0.0-rc1
2025-08-28 07:16:48,237 - Knowledge - INFO - Found code_base: <app.utils.kg_build.knowledge.KnowledgeCodeBase object at 0x7f12001fe4d0>
2025-08-28 07:16:48,237 - Knowledge - INFO - process ingested knowledge for /app/data/b2c/12661/b4300db/rialto-gstreamer-12661/tests/ut/GStreamerEmeUtilsTests.cpp
2025-08-28 07:16:48,246 - Knowledge - INFO - Found code-base-name: https://github.com/kavia-common/rialto-gstreamer-12661.git:kavia-6.0.0-rc1
2025-08-28 07:16:48,246 - Knowledge - INFO - Found code_base: <app.utils.kg_build.knowledge.KnowledgeCodeBase object at 0x7f12001fe4d0>
2025-08-28 07:16:48,246 - Knowledge - INFO - process ingested knowledge for /app/data/b2c/12661/b4300db/rialto-gstreamer-12661/source/MessageQueue.h
2025-08-28 07:16:48,254 - Knowledge - INFO - Found code-base-name: https://github.com/kavia-common/rialto-gstreamer-12661.git:kavia-6.0.0-rc1
2025-08-28 07:16:48,254 - Knowledge - INFO - Found code_base: <app.utils.kg_build.knowledge.KnowledgeCodeBase object at 0x7f12001fe4d0>
2025-08-28 07:16:48,254 - Knowledge - INFO - process ingested knowledge for /app/data/b2c/12661/b4300db/rialto-gstreamer-12661/source/ControlBackendInterface.h
2025-08-28 07:16:48,262 - Knowledge - INFO - Found code-base-name: https://github.com/kavia-common/rialto-gstreamer-12661.git:kavia-6.0.0-rc1
2025-08-28 07:16:48,262 - Knowledge - INFO - Found code_base: <app.utils.kg_build.knowledge.KnowledgeCodeBase object at 0x7f12001fe4d0>
2025-08-28 07:16:48,263 - Knowledge - INFO - process ingested knowledge for /app/data/b2c/12661/b4300db/rialto-gstreamer-12661/source/RialtoGStreamerMSEBaseSink.h
2025-08-28 07:16:48,270 - Knowledge - INFO - Found code-base-name: https://github.com/kavia-common/rialto-gstreamer-12661.git:kavia-6.0.0-rc1
2025-08-28 07:16:48,270 - Knowledge - INFO - Found code_base: <app.utils.kg_build.knowledge.KnowledgeCodeBase object at 0x7f12001fe4d0>
2025-08-28 07:16:48,270 - Knowledge - INFO - process ingested knowledge for /app/data/b2c/12661/b4300db/rialto-gstreamer-12661/tests/third-party/source/MediaPipelineFactory.cpp
2025-08-28 07:16:48,278 - Knowledge - INFO - Found code-base-name: https://github.com/kavia-common/rialto-gstreamer-12661.git:kavia-6.0.0-rc1
2025-08-28 07:16:48,278 - Knowledge - INFO - Found code_base: <app.utils.kg_build.knowledge.KnowledgeCodeBase object at 0x7f12001fe4d0>
2025-08-28 07:16:48,279 - Knowledge - INFO - process ingested knowledge for /app/data/b2c/12661/b4300db/rialto-gstreamer-12661/tests/ut/CMakeLists.txt
2025-08-28 07:16:48,287 - Knowledge - INFO - Found code-base-name: https://github.com/kavia-common/rialto-gstreamer-12661.git:kavia-6.0.0-rc1
2025-08-28 07:16:48,287 - Knowledge - INFO - Found code_base: <app.utils.kg_build.knowledge.KnowledgeCodeBase object at 0x7f12001fe4d0>
2025-08-28 07:16:48,287 - Knowledge - INFO - process ingested knowledge for /app/data/b2c/12661/b4300db/rialto-gstreamer-12661/source/BufferParser.cpp
2025-08-28 07:16:48,295 - Knowledge - INFO - Found code-base-name: https://github.com/kavia-common/rialto-gstreamer-12661.git:kavia-6.0.0-rc1
2025-08-28 07:16:48,295 - Knowledge - INFO - Found code_base: <app.utils.kg_build.knowledge.KnowledgeCodeBase object at 0x7f12001fe4d0>
2025-08-28 07:16:48,296 - Knowledge - INFO - process ingested knowledge for /app/data/b2c/12661/b4300db/rialto-gstreamer-12661/source/GStreamerEMEUtils.h
2025-08-28 07:16:48,303 - Knowledge - INFO - Found code-base-name: https://github.com/kavia-common/rialto-gstreamer-12661.git:kavia-6.0.0-rc1
2025-08-28 07:16:48,303 - Knowledge - INFO - Found code_base: <app.utils.kg_build.knowledge.KnowledgeCodeBase object at 0x7f12001fe4d0>
2025-08-28 07:16:48,304 - Knowledge - INFO - process ingested knowledge for /app/data/b2c/12661/b4300db/rialto-gstreamer-12661/tests/mocks/MediaPipelineMock.h
2025-08-28 07:16:48,312 - Knowledge - INFO - Found code-base-name: https://github.com/kavia-common/rialto-gstreamer-12661.git:kavia-6.0.0-rc1
2025-08-28 07:16:48,312 - Knowledge - INFO - Found code_base: <app.utils.kg_build.knowledge.KnowledgeCodeBase object at 0x7f12001fe4d0>
2025-08-28 07:16:48,312 - Knowledge - INFO - process ingested knowledge for /app/data/b2c/12661/b4300db/rialto-gstreamer-12661/tests/mocks/CMakeLists.txt
2025-08-28 07:16:48,319 - Knowledge - INFO - Found code-base-name: https://github.com/kavia-common/rialto-gstreamer-12661.git:kavia-6.0.0-rc1
2025-08-28 07:16:48,320 - Knowledge - INFO - Found code_base: <app.utils.kg_build.knowledge.KnowledgeCodeBase object at 0x7f12001fe4d0>
2025-08-28 07:16:48,320 - Knowledge - INFO - process ingested knowledge for /app/data/b2c/12661/b4300db/rialto-gstreamer-12661/source/GStreamerWebAudioPlayerClient.h
2025-08-28 07:16:48,330 - Knowledge - INFO - Found code-base-name: https://github.com/kavia-common/rialto-gstreamer-12661.git:kavia-6.0.0-rc1
2025-08-28 07:16:48,330 - Knowledge - INFO - Found code_base: <app.utils.kg_build.knowledge.KnowledgeCodeBase object at 0x7f12001fe4d0>
2025-08-28 07:16:48,331 - Knowledge - INFO - process ingested knowledge for /app/data/b2c/12661/b4300db/rialto-gstreamer-12661/source/GStreamerMSEMediaPlayerClient.cpp
2025-08-28 07:16:48,340 - Knowledge - INFO - Found code-base-name: https://github.com/kavia-common/rialto-gstreamer-12661.git:kavia-6.0.0-rc1
2025-08-28 07:16:48,340 - Knowledge - INFO - Found code_base: <app.utils.kg_build.knowledge.KnowledgeCodeBase object at 0x7f12001fe4d0>
2025-08-28 07:16:48,340 - Knowledge - INFO - process ingested knowledge for /app/data/b2c/12661/b4300db/rialto-gstreamer-12661/source/GStreamerUtils.cpp
2025-08-28 07:16:48,351 - Knowledge - INFO - Found code-base-name: https://github.com/kavia-common/rialto-gstreamer-12661.git:kavia-6.0.0-rc1
2025-08-28 07:16:48,351 - Knowledge - INFO - Found code_base: <app.utils.kg_build.knowledge.KnowledgeCodeBase object at 0x7f12001fe4d0>
2025-08-28 07:16:48,351 - Knowledge - INFO - process ingested knowledge for /app/data/b2c/12661/b4300db/rialto-gstreamer-12661/source/RialtoGStreamerMSEVideoSink.h
2025-08-28 07:16:48,360 - Knowledge - INFO - Found code-base-name: https://github.com/kavia-common/rialto-gstreamer-12661.git:kavia-6.0.0-rc1
2025-08-28 07:16:48,360 - Knowledge - INFO - Found code_base: <app.utils.kg_build.knowledge.KnowledgeCodeBase object at 0x7f12001fe4d0>
2025-08-28 07:16:48,360 - Knowledge - INFO - process ingested knowledge for /app/data/b2c/12661/b4300db/rialto-gstreamer-12661/cmake/googletest.cmake
2025-08-28 07:16:48,369 - Knowledge - INFO - Found code-base-name: https://github.com/kavia-common/rialto-gstreamer-12661.git:kavia-6.0.0-rc1
2025-08-28 07:16:48,369 - Knowledge - INFO - Found code_base: <app.utils.kg_build.knowledge.KnowledgeCodeBase object at 0x7f12001fe4d0>
2025-08-28 07:16:48,369 - Knowledge - INFO - process ingested knowledge for /app/data/b2c/12661/b4300db/rialto-gstreamer-12661/source/RialtoGStreamerMSEAudioSink.cpp
2025-08-28 07:16:48,378 - Knowledge - INFO - Found code-base-name: https://github.com/kavia-common/rialto-gstreamer-12661.git:kavia-6.0.0-rc1
2025-08-28 07:16:48,378 - Knowledge - INFO - Found code_base: <app.utils.kg_build.knowledge.KnowledgeCodeBase object at 0x7f12001fe4d0>
2025-08-28 07:16:48,378 - Knowledge - INFO - process ingested knowledge for /app/data/b2c/12661/b4300db/rialto-gstreamer-12661/tests/ut/MediaPlayerClientBackendTests.cpp
2025-08-28 07:16:48,388 - Knowledge - INFO - Found code-base-name: https://github.com/kavia-common/rialto-gstreamer-12661.git:kavia-6.0.0-rc1
2025-08-28 07:16:48,388 - Knowledge - INFO - Found code_base: <app.utils.kg_build.knowledge.KnowledgeCodeBase object at 0x7f12001fe4d0>
2025-08-28 07:16:48,388 - Knowledge - INFO - process ingested knowledge for /app/data/b2c/12661/b4300db/rialto-gstreamer-12661/source/Timer.cpp
2025-08-28 07:16:48,398 - Knowledge - INFO - Found code-base-name: https://github.com/kavia-common/rialto-gstreamer-12661.git:kavia-6.0.0-rc1
2025-08-28 07:16:48,398 - Knowledge - INFO - Found code_base: <app.utils.kg_build.knowledge.KnowledgeCodeBase object at 0x7f12001fe4d0>
2025-08-28 07:16:48,398 - Knowledge - INFO - process ingested knowledge for /app/data/b2c/12661/b4300db/rialto-gstreamer-12661/tests/third-party/source/MediaPipelineCapabilitiesFactory.cpp
2025-08-28 07:16:48,407 - Knowledge - INFO - Found code-base-name: https://github.com/kavia-common/rialto-gstreamer-12661.git:kavia-6.0.0-rc1
2025-08-28 07:16:48,407 - Knowledge - INFO - Found code_base: <app.utils.kg_build.knowledge.KnowledgeCodeBase object at 0x7f12001fe4d0>
2025-08-28 07:16:48,407 - Knowledge - INFO - process ingested knowledge for /app/data/b2c/12661/b4300db/rialto-gstreamer-12661/source/MediaPlayerClientBackend.h
2025-08-28 07:16:48,415 - Knowledge - INFO - Found code-base-name: https://github.com/kavia-common/rialto-gstreamer-12661.git:kavia-6.0.0-rc1
2025-08-28 07:16:48,415 - Knowledge - INFO - Found code_base: <app.utils.kg_build.knowledge.KnowledgeCodeBase object at 0x7f12001fe4d0>
2025-08-28 07:16:48,416 - Knowledge - INFO - process ingested knowledge for /app/data/b2c/12661/b4300db/rialto-gstreamer-12661/TERMS.md
2025-08-28 07:16:48,424 - Knowledge - INFO - Found code-base-name: https://github.com/kavia-common/rialto-gstreamer-12661.git:kavia-6.0.0-rc1
2025-08-28 07:16:48,424 - Knowledge - INFO - Found code_base: <app.utils.kg_build.knowledge.KnowledgeCodeBase object at 0x7f12001fe4d0>
2025-08-28 07:16:48,424 - Knowledge - INFO - process ingested knowledge for /app/data/b2c/12661/b4300db/rialto-gstreamer-12661/scripts/valgrind/process_valgrind_results.py
2025-08-28 07:16:48,432 - Knowledge - INFO - Found code-base-name: https://github.com/kavia-common/rialto-gstreamer-12661.git:kavia-6.0.0-rc1
2025-08-28 07:16:48,432 - Knowledge - INFO - Found code_base: <app.utils.kg_build.knowledge.KnowledgeCodeBase object at 0x7f12001fe4d0>
2025-08-28 07:16:48,432 - Knowledge - INFO - process ingested knowledge for /app/data/b2c/12661/b4300db/rialto-gstreamer-12661/tests/mocks/WebAudioPlayerClientMock.h
2025-08-28 07:16:48,440 - Knowledge - INFO - Found code-base-name: https://github.com/kavia-common/rialto-gstreamer-12661.git:kavia-6.0.0-rc1
2025-08-28 07:16:48,440 - Knowledge - INFO - Found code_base: <app.utils.kg_build.knowledge.KnowledgeCodeBase object at 0x7f12001fe4d0>
2025-08-28 07:16:48,441 - Knowledge - INFO - process ingested knowledge for /app/data/b2c/12661/b4300db/rialto-gstreamer-12661/source/GStreamerMSEUtils.h
2025-08-28 07:16:48,448 - Knowledge - INFO - Found code-base-name: https://github.com/kavia-common/rialto-gstreamer-12661.git:kavia-6.0.0-rc1
2025-08-28 07:16:48,448 - Knowledge - INFO - Found code_base: <app.utils.kg_build.knowledge.KnowledgeCodeBase object at 0x7f12001fe4d0>
2025-08-28 07:16:48,449 - Knowledge - INFO - process ingested knowledge for /app/data/b2c/12661/b4300db/rialto-gstreamer-12661/CMakeLists.txt
2025-08-28 07:16:48,456 - Knowledge - INFO - Found code-base-name: https://github.com/kavia-common/rialto-gstreamer-12661.git:kavia-6.0.0-rc1
2025-08-28 07:16:48,456 - Knowledge - INFO - Found code_base: <app.utils.kg_build.knowledge.KnowledgeCodeBase object at 0x7f12001fe4d0>
2025-08-28 07:16:48,456 - Knowledge - INFO - process ingested knowledge for /app/data/b2c/12661/b4300db/rialto-gstreamer-12661/source/WebAudioClientBackendInterface.h
2025-08-28 07:16:48,464 - Knowledge - INFO - Found code-base-name: https://github.com/kavia-common/rialto-gstreamer-12661.git:kavia-6.0.0-rc1
2025-08-28 07:16:48,464 - Knowledge - INFO - Found code_base: <app.utils.kg_build.knowledge.KnowledgeCodeBase object at 0x7f12001fe4d0>
2025-08-28 07:16:48,464 - Knowledge - INFO - process ingested knowledge for /app/data/b2c/12661/b4300db/rialto-gstreamer-12661/tests/mocks/MediaPipelineCapabilitiesMock.h
2025-08-28 07:16:48,472 - Knowledge - INFO - Found code-base-name: https://github.com/kavia-common/rialto-gstreamer-12661.git:kavia-6.0.0-rc1
2025-08-28 07:16:48,472 - Knowledge - INFO - Found code_base: <app.utils.kg_build.knowledge.KnowledgeCodeBase object at 0x7f12001fe4d0>
2025-08-28 07:16:48,472 - Knowledge - INFO - process ingested knowledge for /app/data/b2c/12661/b4300db/rialto-gstreamer-12661/source/CMakeLists.txt
2025-08-28 07:16:48,481 - Knowledge - INFO - Found code-base-name: https://github.com/kavia-common/rialto-gstreamer-12661.git:kavia-6.0.0-rc1
2025-08-28 07:16:48,482 - Knowledge - INFO - Found code_base: <app.utils.kg_build.knowledge.KnowledgeCodeBase object at 0x7f12001fe4d0>
2025-08-28 07:16:48,482 - Knowledge - INFO - process ingested knowledge for /app/data/b2c/12661/b4300db/rialto-gstreamer-12661/source/MediaPlayerManager.h
2025-08-28 07:16:48,490 - Knowledge - INFO - Found code-base-name: https://github.com/kavia-common/rialto-gstreamer-12661.git:kavia-6.0.0-rc1
2025-08-28 07:16:48,490 - Knowledge - INFO - Found code_base: <app.utils.kg_build.knowledge.KnowledgeCodeBase object at 0x7f12001fe4d0>
2025-08-28 07:16:48,490 - Knowledge - INFO - process ingested knowledge for /app/data/b2c/12661/b4300db/rialto-gstreamer-12661/cmake/FindocdmRialto.cmake
2025-08-28 07:16:48,499 - Knowledge - INFO - Found code-base-name: https://github.com/kavia-common/rialto-gstreamer-12661.git:kavia-6.0.0-rc1
2025-08-28 07:16:48,499 - Knowledge - INFO - Found code_base: <app.utils.kg_build.knowledge.KnowledgeCodeBase object at 0x7f12001fe4d0>
2025-08-28 07:16:48,500 - Knowledge - INFO - process ingested knowledge for /app/data/b2c/12661/b4300db/rialto-gstreamer-12661/source/GStreamerUtils.h
2025-08-28 07:16:48,508 - Knowledge - INFO - Found code-base-name: https://github.com/kavia-common/rialto-gstreamer-12661.git:kavia-6.0.0-rc1
2025-08-28 07:16:48,508 - Knowledge - INFO - Found code_base: <app.utils.kg_build.knowledge.KnowledgeCodeBase object at 0x7f12001fe4d0>
2025-08-28 07:16:48,508 - Knowledge - INFO - process ingested knowledge for /app/data/b2c/12661/b4300db/rialto-gstreamer-12661/source/GStreamerMSEMediaPlayerClient.h
2025-08-28 07:16:48,516 - Knowledge - INFO - Found code-base-name: https://github.com/kavia-common/rialto-gstreamer-12661.git:kavia-6.0.0-rc1
2025-08-28 07:16:48,516 - Knowledge - INFO - Found code_base: <app.utils.kg_build.knowledge.KnowledgeCodeBase object at 0x7f12001fe4d0>
2025-08-28 07:16:48,517 - Knowledge - INFO - process ingested knowledge for /app/data/b2c/12661/b4300db/rialto-gstreamer-12661/source/GStreamerMSEUtils.cpp
2025-08-28 07:16:48,525 - Knowledge - INFO - Found code-base-name: https://github.com/kavia-common/rialto-gstreamer-12661.git:kavia-6.0.0-rc1
2025-08-28 07:16:48,525 - Knowledge - INFO - Found code_base: <app.utils.kg_build.knowledge.KnowledgeCodeBase object at 0x7f12001fe4d0>
2025-08-28 07:16:48,525 - Knowledge - INFO - process ingested knowledge for /app/data/b2c/12661/b4300db/rialto-gstreamer-12661/source/MediaPlayerManager.cpp
2025-08-28 07:16:48,534 - Knowledge - INFO - Found code-base-name: https://github.com/kavia-common/rialto-gstreamer-12661.git:kavia-6.0.0-rc1
2025-08-28 07:16:48,534 - Knowledge - INFO - Found code_base: <app.utils.kg_build.knowledge.KnowledgeCodeBase object at 0x7f12001fe4d0>
2025-08-28 07:16:48,535 - Knowledge - INFO - process ingested knowledge for /app/data/b2c/12661/b4300db/rialto-gstreamer-12661/tests/ut/GStreamerUtilsTests.cpp
2025-08-28 07:16:48,543 - Knowledge - INFO - Found code-base-name: https://github.com/kavia-common/rialto-gstreamer-12661.git:kavia-6.0.0-rc1
2025-08-28 07:16:48,544 - Knowledge - INFO - Found code_base: <app.utils.kg_build.knowledge.KnowledgeCodeBase object at 0x7f12001fe4d0>
2025-08-28 07:16:48,544 - Knowledge - INFO - process ingested knowledge for /app/data/b2c/12661/b4300db/rialto-gstreamer-12661/tests/ut/WebAudioClientBackendTests.cpp
2025-08-28 07:16:48,554 - Knowledge - INFO - Found code-base-name: https://github.com/kavia-common/rialto-gstreamer-12661.git:kavia-6.0.0-rc1
2025-08-28 07:16:48,554 - Knowledge - INFO - Found code_base: <app.utils.kg_build.knowledge.KnowledgeCodeBase object at 0x7f12001fe4d0>
2025-08-28 07:16:48,555 - Knowledge - INFO - process ingested knowledge for /app/data/b2c/12661/b4300db/rialto-gstreamer-12661/tests/ut/BufferParserTests.cpp
2025-08-28 07:16:48,568 - Knowledge - INFO - Found code-base-name: https://github.com/kavia-common/rialto-gstreamer-12661.git:kavia-6.0.0-rc1
2025-08-28 07:16:48,568 - Knowledge - INFO - Found code_base: <app.utils.kg_build.knowledge.KnowledgeCodeBase object at 0x7f12001fe4d0>
2025-08-28 07:16:48,568 - Knowledge - INFO - process ingested knowledge for /app/data/b2c/12661/b4300db/rialto-gstreamer-12661/README.md
2025-08-28 07:16:48,577 - Knowledge - INFO - Found code-base-name: https://github.com/kavia-common/rialto-gstreamer-12661.git:kavia-6.0.0-rc1
2025-08-28 07:16:48,577 - Knowledge - INFO - Found code_base: <app.utils.kg_build.knowledge.KnowledgeCodeBase object at 0x7f12001fe4d0>
2025-08-28 07:16:48,577 - Knowledge - INFO - process ingested knowledge for /app/data/b2c/12661/b4300db/rialto-gstreamer-12661/source/WebAudioClientBackend.h
2025-08-28 07:16:48,586 - Knowledge - INFO - Found code-base-name: https://github.com/kavia-common/rialto-gstreamer-12661.git:kavia-6.0.0-rc1
2025-08-28 07:16:48,586 - Knowledge - INFO - Found code_base: <app.utils.kg_build.knowledge.KnowledgeCodeBase object at 0x7f12001fe4d0>
2025-08-28 07:16:48,586 - Knowledge - INFO - process ingested knowledge for /app/data/b2c/12661/b4300db/rialto-gstreamer-12661/source/BufferParser.h
2025-08-28 07:16:48,594 - Knowledge - INFO - Found code-base-name: https://github.com/kavia-common/rialto-gstreamer-12661.git:kavia-6.0.0-rc1
2025-08-28 07:16:48,594 - Knowledge - INFO - Found code_base: <app.utils.kg_build.knowledge.KnowledgeCodeBase object at 0x7f12001fe4d0>
2025-08-28 07:16:48,594 - Knowledge - INFO - process ingested knowledge for /app/data/b2c/12661/b4300db/rialto-gstreamer-12661/scripts/clang-format/process_clang-format_errors.py
2025-08-28 07:16:48,602 - Knowledge - INFO - Found code-base-name: https://github.com/kavia-common/rialto-gstreamer-12661.git:kavia-6.0.0-rc1
2025-08-28 07:16:48,602 - Knowledge - INFO - Found code_base: <app.utils.kg_build.knowledge.KnowledgeCodeBase object at 0x7f12001fe4d0>
2025-08-28 07:16:48,602 - Knowledge - INFO - process ingested knowledge for /app/data/b2c/12661/b4300db/rialto-gstreamer-12661/cppcheck_suppressions.xml
2025-08-28 07:16:48,609 - Knowledge - INFO - Found code-base-name: https://github.com/kavia-common/rialto-gstreamer-12661.git:kavia-6.0.0-rc1
2025-08-28 07:16:48,609 - Knowledge - INFO - Found code_base: <app.utils.kg_build.knowledge.KnowledgeCodeBase object at 0x7f12001fe4d0>
2025-08-28 07:16:48,609 - Knowledge - INFO - process ingested knowledge for /app/data/b2c/12661/b4300db/rialto-gstreamer-12661/tests/mocks/MediaPipelineClientMock.h
2025-08-28 07:16:48,617 - Knowledge - INFO - Found code-base-name: https://github.com/kavia-common/rialto-gstreamer-12661.git:kavia-6.0.0-rc1
2025-08-28 07:16:48,617 - Knowledge - INFO - Found code_base: <app.utils.kg_build.knowledge.KnowledgeCodeBase object at 0x7f12001fe4d0>
2025-08-28 07:16:48,618 - Knowledge - INFO - process ingested knowledge for /app/data/b2c/12661/b4300db/rialto-gstreamer-12661/source/RialtoGSteamerPlugin.cpp
2025-08-28 07:16:48,626 - Knowledge - INFO - Found code-base-name: https://github.com/kavia-common/rialto-gstreamer-12661.git:kavia-6.0.0-rc1
2025-08-28 07:16:48,626 - Knowledge - INFO - Found code_base: <app.utils.kg_build.knowledge.KnowledgeCodeBase object at 0x7f12001fe4d0>
2025-08-28 07:16:48,626 - Knowledge - INFO - process ingested knowledge for /app/data/b2c/12661/b4300db/rialto-gstreamer-12661/tests/third-party/source/ControlFactory.cpp
2025-08-28 07:16:48,636 - Knowledge - INFO - Found code-base-name: https://github.com/kavia-common/rialto-gstreamer-12661.git:kavia-6.0.0-rc1
2025-08-28 07:16:48,636 - Knowledge - INFO - Found code_base: <app.utils.kg_build.knowledge.KnowledgeCodeBase object at 0x7f12001fe4d0>
2025-08-28 07:16:48,636 - Knowledge - INFO - process ingested knowledge for /app/data/b2c/12661/b4300db/rialto-gstreamer-12661/source/GStreamerEMEUtils.cpp
2025-08-28 07:16:48,644 - Knowledge - INFO - Found code-base-name: https://github.com/kavia-common/rialto-gstreamer-12661.git:kavia-6.0.0-rc1
2025-08-28 07:16:48,644 - Knowledge - INFO - Found code_base: <app.utils.kg_build.knowledge.KnowledgeCodeBase object at 0x7f12001fe4d0>
2025-08-28 07:16:48,645 - Knowledge - INFO - process ingested knowledge for /app/data/b2c/12661/b4300db/rialto-gstreamer-12661/docs/index.html
2025-08-28 07:16:48,653 - Knowledge - INFO - Found code-base-name: https://github.com/kavia-common/rialto-gstreamer-12661.git:kavia-6.0.0-rc1
2025-08-28 07:16:48,653 - Knowledge - INFO - Found code_base: <app.utils.kg_build.knowledge.KnowledgeCodeBase object at 0x7f12001fe4d0>
2025-08-28 07:16:48,653 - Knowledge - INFO - process ingested knowledge for /app/data/b2c/12661/b4300db/rialto-gstreamer-12661/source/RialtoGStreamerMSEBaseSink.cpp
2025-08-28 07:16:48,662 - Knowledge - INFO - Found code-base-name: https://github.com/kavia-common/rialto-gstreamer-12661.git:kavia-6.0.0-rc1
2025-08-28 07:16:48,662 - Knowledge - INFO - Found code_base: <app.utils.kg_build.knowledge.KnowledgeCodeBase object at 0x7f12001fe4d0>
2025-08-28 07:16:48,662 - Knowledge - INFO - process ingested knowledge for /app/data/b2c/12661/b4300db/rialto-gstreamer-12661/source/RialtoGStreamerMSEBaseSinkPrivate.h
2025-08-28 07:16:48,671 - Knowledge - INFO - Found code-base-name: https://github.com/kavia-common/rialto-gstreamer-12661.git:kavia-6.0.0-rc1
2025-08-28 07:16:48,671 - Knowledge - INFO - Found code_base: <app.utils.kg_build.knowledge.KnowledgeCodeBase object at 0x7f12001fe4d0>
2025-08-28 07:16:48,671 - Knowledge - INFO - process ingested knowledge for /app/data/b2c/12661/b4300db/rialto-gstreamer-12661/cmake/FindRialto.cmake
2025-08-28 07:16:48,681 - Knowledge - INFO - Found code-base-name: https://github.com/kavia-common/rialto-gstreamer-12661.git:kavia-6.0.0-rc1
2025-08-28 07:16:48,681 - Knowledge - INFO - Found code_base: <app.utils.kg_build.knowledge.KnowledgeCodeBase object at 0x7f12001fe4d0>
2025-08-28 07:16:48,681 - Knowledge - INFO - process ingested knowledge for /app/data/b2c/12661/b4300db/rialto-gstreamer-12661/tests/mocks/WebAudioPlayerMock.h
2025-08-28 07:16:48,691 - Knowledge - INFO - Found code-base-name: https://github.com/kavia-common/rialto-gstreamer-12661.git:kavia-6.0.0-rc1
2025-08-28 07:16:48,691 - Knowledge - INFO - Found code_base: <app.utils.kg_build.knowledge.KnowledgeCodeBase object at 0x7f12001fe4d0>
2025-08-28 07:16:48,691 - Knowledge - INFO - process ingested knowledge for /app/data/b2c/12661/b4300db/rialto-gstreamer-12661/source/RialtoGStreamerWebAudioSink.cpp
2025-08-28 07:16:48,701 - Knowledge - INFO - Found code-base-name: https://github.com/kavia-common/rialto-gstreamer-12661.git:kavia-6.0.0-rc1
2025-08-28 07:16:48,701 - Knowledge - INFO - Found code_base: <app.utils.kg_build.knowledge.KnowledgeCodeBase object at 0x7f12001fe4d0>
2025-08-28 07:16:48,702 - Knowledge - INFO - process ingested knowledge for /app/data/b2c/12661/b4300db/rialto-gstreamer-12661/source/MediaPlayerClientBackendInterface.h
2025-08-28 07:16:48,710 - Knowledge - INFO - Found code-base-name: https://github.com/kavia-common/rialto-gstreamer-12661.git:kavia-6.0.0-rc1
2025-08-28 07:16:48,710 - Knowledge - INFO - Found code_base: <app.utils.kg_build.knowledge.KnowledgeCodeBase object at 0x7f12001fe4d0>
2025-08-28 07:16:48,710 - Knowledge - INFO - process ingested knowledge for /app/data/b2c/12661/b4300db/rialto-gstreamer-12661/CHANGELOG.md
2025-08-28 07:16:48,719 - Knowledge - INFO - Found code-base-name: https://github.com/kavia-common/rialto-gstreamer-12661.git:kavia-6.0.0-rc1
2025-08-28 07:16:48,719 - Knowledge - INFO - Found code_base: <app.utils.kg_build.knowledge.KnowledgeCodeBase object at 0x7f12001fe4d0>
2025-08-28 07:16:48,719 - Knowledge - INFO - process ingested knowledge for /app/data/b2c/12661/b4300db/rialto-gstreamer-12661/tests/ut/ControlBackendTests.cpp
2025-08-28 07:16:48,727 - Knowledge - INFO - Found code-base-name: https://github.com/kavia-common/rialto-gstreamer-12661.git:kavia-6.0.0-rc1
2025-08-28 07:16:48,727 - Knowledge - INFO - Found code_base: <app.utils.kg_build.knowledge.KnowledgeCodeBase object at 0x7f12001fe4d0>
2025-08-28 07:16:48,727 - Knowledge - INFO - process ingested knowledge for /app/data/b2c/12661/b4300db/rialto-gstreamer-12661/CONTRIBUTING.md
2025-08-28 07:16:48,735 - Knowledge - INFO - Found code-base-name: https://github.com/kavia-common/rialto-gstreamer-12661.git:kavia-6.0.0-rc1
2025-08-28 07:16:48,735 - Knowledge - INFO - Found code_base: <app.utils.kg_build.knowledge.KnowledgeCodeBase object at 0x7f12001fe4d0>
2025-08-28 07:16:48,736 - Knowledge - INFO - process ingested knowledge for /app/data/b2c/12661/b4300db/rialto-gstreamer-12661/source/RialtoGStreamerMSEAudioSink.h
2025-08-28 07:16:48,743 - Knowledge - INFO - Found code-base-name: https://github.com/kavia-common/rialto-gstreamer-12661.git:kavia-6.0.0-rc1
2025-08-28 07:16:48,744 - Knowledge - INFO - Found code_base: <app.utils.kg_build.knowledge.KnowledgeCodeBase object at 0x7f12001fe4d0>
2025-08-28 07:16:48,744 - Knowledge - INFO - process ingested knowledge for /app/data/b2c/12661/b4300db/rialto-gstreamer-12661/source/Timer.h
2025-08-28 07:16:48,752 - Knowledge - INFO - Found code-base-name: https://github.com/kavia-common/rialto-gstreamer-12661.git:kavia-6.0.0-rc1
2025-08-28 07:16:48,752 - Knowledge - INFO - Found code_base: <app.utils.kg_build.knowledge.KnowledgeCodeBase object at 0x7f12001fe4d0>
2025-08-28 07:16:48,752 - Knowledge - INFO - process ingested knowledge for /app/data/b2c/12661/b4300db/rialto-gstreamer-12661/tests/third-party/CMakeLists.txt
2025-08-28 07:16:48,763 - Knowledge - INFO - Found code-base-name: https://github.com/kavia-common/rialto-gstreamer-12661.git:kavia-6.0.0-rc1
2025-08-28 07:16:48,763 - Knowledge - INFO - Found code_base: <app.utils.kg_build.knowledge.KnowledgeCodeBase object at 0x7f12001fe4d0>
2025-08-28 07:16:48,763 - Knowledge - INFO - process ingested knowledge for /app/data/b2c/12661/b4300db/rialto-gstreamer-12661/source/GStreamerWebAudioPlayerClient.cpp
2025-08-28 07:16:48,772 - Knowledge - INFO - Found code-base-name: https://github.com/kavia-common/rialto-gstreamer-12661.git:kavia-6.0.0-rc1
2025-08-28 07:16:48,772 - Knowledge - INFO - Found code_base: <app.utils.kg_build.knowledge.KnowledgeCodeBase object at 0x7f12001fe4d0>
2025-08-28 07:16:48,772 - Knowledge - INFO - process ingested knowledge for /app/data/b2c/12661/b4300db/rialto-gstreamer-12661/source/RialtoGStreamerMSEVideoSink.cpp
2025-08-28 07:16:48,783 - Knowledge - INFO - Found code-base-name: https://github.com/kavia-common/rialto-gstreamer-12661.git:kavia-6.0.0-rc1
2025-08-28 07:16:48,784 - Knowledge - INFO - Found code_base: <app.utils.kg_build.knowledge.KnowledgeCodeBase object at 0x7f12001fe4d0>
2025-08-28 07:16:48,784 - Knowledge - INFO - process ingested knowledge for /app/data/b2c/12661/b4300db/rialto-gstreamer-12661/source/RialtoGStreamerMSEVideoSinkPrivate.h
2025-08-28 07:16:48,792 - Knowledge - INFO - Found code-base-name: https://github.com/kavia-common/rialto-gstreamer-12661.git:kavia-6.0.0-rc1
2025-08-28 07:16:48,792 - Knowledge - INFO - Found code_base: <app.utils.kg_build.knowledge.KnowledgeCodeBase object at 0x7f12001fe4d0>
2025-08-28 07:16:48,792 - Knowledge - INFO - process ingested knowledge for /app/data/b2c/12661/b4300db/rialto-gstreamer-12661/source/ControlBackend.h
2025-08-28 07:16:48,801 - Knowledge - INFO - Found code-base-name: https://github.com/kavia-common/rialto-gstreamer-12661.git:kavia-6.0.0-rc1
2025-08-28 07:16:48,801 - Knowledge - INFO - Found code_base: <app.utils.kg_build.knowledge.KnowledgeCodeBase object at 0x7f12001fe4d0>
2025-08-28 07:16:48,801 - Knowledge - INFO - process ingested knowledge for /app/data/b2c/12661/b4300db/rialto-gstreamer-12661/tests/mocks/ControlMock.h
2025-08-28 07:16:48,810 - Knowledge - INFO - Found code-base-name: https://github.com/kavia-common/rialto-gstreamer-12661.git:kavia-6.0.0-rc1
2025-08-28 07:16:48,810 - Knowledge - INFO - Found code_base: <app.utils.kg_build.knowledge.KnowledgeCodeBase object at 0x7f12001fe4d0>
2025-08-28 07:16:48,810 - Knowledge - INFO - process ingested knowledge for /app/data/b2c/12661/b4300db/rialto-gstreamer-12661/tests/third-party/source/WebAudioPlayerFactory.cpp
2025-08-28 07:16:48,818 - Knowledge - INFO - Found code-base-name: https://github.com/kavia-common/rialto-gstreamer-12661.git:kavia-6.0.0-rc1
2025-08-28 07:16:48,818 - Knowledge - INFO - Found code_base: <app.utils.kg_build.knowledge.KnowledgeCodeBase object at 0x7f12001fe4d0>
2025-08-28 07:16:48,818 - Knowledge - INFO - process ingested knowledge for /app/data/b2c/12661/b4300db/rialto-gstreamer-12661/build_ut.py
2025-08-28 07:16:48,822 - Knowledge - INFO - load persisted knowledge: end
2025-08-28 07:16:48,822 - Knowledge - INFO - load persisted docinfo: begin
2025-08-28 07:16:48,824 - Knowledge - INFO - load persisted docinfo: end
2025-08-28 07:16:48,850 - Knowledge - INFO - worker kw1 created with dedicated MongoDB connection (total: 1)
2025-08-28 07:16:48,850 - Knowledge - INFO - knowledge worker kw1 start
2025-08-28 07:16:48,851 - Knowledge - INFO - Knowledge creation complete
2025-08-28 07:16:48,853 - Knowledge - INFO - Updating org costs, total cost: 0
2025-08-28 07:16:48,857 - Knowledge - INFO - Saving knowledge to Redis...
2025-08-28 07:16:48,885 - Knowledge - INFO - Knowledge saved to Redis successfully
